account_type,hour,dow,stage,alpha,n,ter
human,0,0,global,0.05,35405,0.7264510662335828
human,0,0,global,0.01,35405,0.3728286965117921
human,0,0,global,0.005,35405,0.42366897330885467
human,0,0,global,0.001,35405,0.8473379466177093
human,0,0,stratified,0.05,35405,0.9772630984324246
human,0,0,stratified,0.01,35405,1.0394012145177234
human,0,0,stratified,0.005,35405,1.084592571670668
human,0,0,stratified,0.001,35405,2.174834062985454
human,0,1,global,0.05,36478,0.8196721311475409
human,0,1,global,0.01,36478,0.48796534897746585
human,0,1,global,0.005,36478,0.5702066999287242
human,0,1,global,0.001,36478,1.3981029661713908
human,0,1,stratified,0.05,36478,1.2917374856077635
human,0,1,stratified,0.01,36478,1.2473271560940842
human,0,1,stratified,0.005,36478,1.3652064257908876
human,0,1,stratified,0.001,36478,2.330171610285652
human,0,2,global,0.05,31904,0.8086760280842528
human,0,2,global,0.01,31904,0.41374122367101307
human,0,2,global,0.005,31904,0.36359077231695086
human,0,2,global,0.001,31904,0.34478435305917754
human,0,2,stratified,0.05,31904,1.579112337011033
human,0,2,stratified,0.01,31904,1.8336258776328989
human,0,2,stratified,0.005,31904,1.7803410230692074
human,0,2,stratified,0.001,31904,1.7866098294884654
human,0,3,global,0.05,26841,0.49700085689802914
human,0,3,global,0.01,26841,0.22726425990089788
human,0,3,global,0.005,26841,0.24589247792556165
human,0,3,global,0.001,26841,0.2980514883946202
human,0,3,stratified,0.05,26841,0.783875414477851
human,0,3,stratified,0.01,26841,0.7861108006408107
human,0,3,stratified,0.005,26841,0.886703177973995
human,0,3,stratified,0.001,26841,1.5275138780224282
human,0,4,global,0.05,25957,0.2380860654158801
human,0,4,global,0.01,25957,0.19647879184805642
human,0,4,global,0.005,25957,0.2542666718033671
human,0,4,global,0.001,25957,1.0401818391955926
human,0,4,stratified,0.05,25957,0.634896174442347
human,0,4,stratified,0.01,25957,0.6472242554994798
human,0,4,stratified,0.005,25957,0.7319798127672689
human,0,4,stratified,0.001,25957,1.0401818391955926
human,0,5,global,0.05,26477,0.43358386524153036
human,0,5,global,0.01,26477,0.2983721720738754
human,0,5,global,0.005,26477,0.4154549231408392
human,0,5,global,0.001,26477,0.7553725875287985
human,0,5,stratified,0.05,26477,0.7833213732673641
human,0,5,stratified,0.01,26477,0.8422404350946103
human,0,5,stratified,0.005,26477,0.9215545567851342
human,0,5,stratified,0.001,26477,2.3416550213392755
human,0,6,global,0.05,31554,0.5894656778855295
human,0,6,global,0.01,31554,0.26304113583063954
human,0,6,global,0.005,31554,0.2725486467642771
human,0,6,global,0.001,31554,0.41199214045762816
human,0,6,stratified,0.05,31554,0.9025797046333269
human,0,6,stratified,0.01,31554,0.8429993027825315
human,0,6,stratified,0.005,31554,0.6718641059770553
human,0,6,stratified,0.001,31554,0.5070672497940039
human,1,0,global,0.05,36378,0.7955357633734674
human,1,0,global,0.01,36378,0.36010775743581286
human,1,0,global,0.005,36378,0.34636318654131615
human,1,0,global,0.001,36378,0.8521633954587938
human,1,0,stratified,0.05,36378,0.9324316894826543
human,1,0,stratified,0.01,36378,0.9346308208257739
human,1,0,stratified,0.005,36378,1.0006047611193578
human,1,0,stratified,0.001,36378,1.5943702237616142
human,1,1,global,0.05,37196,0.9414990859232175
human,1,1,global,0.01,37196,0.5296268415958706
human,1,1,global,0.005,37196,0.5860845252177653
human,1,1,global,0.001,37196,1.5861920636627593
human,1,1,stratified,0.05,37196,1.4469297773954186
human,1,1,stratified,0.01,37196,1.5808151414130551
human,1,1,stratified,0.005,37196,1.5485536079148294
human,1,1,stratified,0.001,37196,2.258307344875793
human,1,2,global,0.05,32341,0.849077022973934
human,1,2,global,0.01,32341,0.3648619399523824
human,1,2,global,0.005,32341,0.247364027086361
human,1,2,global,0.001,32341,0.18552302031477072
human,1,2,stratified,0.05,32341,1.7445348010265607
human,1,2,stratified,0.01,32341,2.053121424816796
human,1,2,stratified,0.005,32341,2.09022602887975
human,1,2,stratified,0.001,32341,0.03092050338579512
human,1,3,global,0.05,27090,0.3971945367294204
human,1,3,global,0.01,27090,0.11812476928755998
human,1,3,global,0.005,27090,0.0812107788851975
human,1,3,global,0.001,27090,0.03691399040236249
human,1,3,stratified,0.05,27090,0.8202288667404946
human,1,3,stratified,0.01,27090,0.6201550387596899
human,1,3,stratified,0.005,27090,0.64968623108158
human,1,3,stratified,0.001,27090,0.221483942414175
human,1,4,global,0.05,28049,0.2702413633284609
human,1,4,global,0.01,28049,0.18895504296053336
human,1,4,global,0.005,28049,0.25669364326713967
human,1,4,global,0.001,28049,0.9982530571499876
human,1,4,stratified,0.05,28049,0.7144639737602052
human,1,4,stratified,0.01,28049,0.6167777817390995
human,1,4,stratified,0.005,28049,0.6346037291882063
human,1,4,stratified,0.001,28049,0.8199935826589183
human,1,5,global,0.05,25949,0.4300743766619137
human,1,5,global,0.01,25949,0.28132105283440595
human,1,5,global,0.005,25949,0.37766387914755867
human,1,5,global,0.001,25949,0.7707426105052219
human,1,5,stratified,0.05,25949,0.8277775636826081
human,1,5,stratified,0.01,25949,0.9133299934486877
human,1,5,stratified,0.005,25949,0.994257967551736
human,1,5,stratified,0.001,25949,1.0405025241820494
human,1,6,global,0.05,31807,0.5552236928977897
human,1,6,global,0.01,31807,0.23894111359134781
human,1,6,global,0.005,31807,0.23894111359134781
human,1,6,global,0.001,31807,0.471594303140818
human,1,6,stratified,0.05,31807,0.8652183481623541
human,1,6,stratified,0.01,31807,0.6130725940830635
human,1,6,stratified,0.005,31807,0.49674599930832836
human,1,6,stratified,0.001,31807,0.28295658188449085
human,2,0,global,0.05,37158,0.9467678561817106
human,2,0,global,0.01,37158,0.3417837343236988
human,2,0,global,0.005,37158,0.26373862963561007
human,2,0,global,0.001,37158,0.8342752570106033
human,2,0,stratified,0.05,37158,0.9828300769686205
human,2,0,stratified,0.01,37158,0.9419236772700361
human,2,0,stratified,0.005,37158,0.8611873620754615
human,2,0,stratified,0.001,37158,1.1303084127240433
human,2,1,global,0.05,38038,0.986382039013618
human,2,1,global,0.01,38038,0.5021294494978705
human,2,1,global,0.005,38038,0.44166359955833645
human,2,1,global,0.001,38038,0.8149744991850254
human,2,1,stratified,0.05,38038,1.3249907986750091
human,2,1,stratified,0.01,38038,1.4985014985014986
human,2,1,stratified,0.005,38038,1.4564382985435618
human,2,1,stratified,0.001,38038,1.3407644986592355
human,2,2,global,0.05,31893,0.9475433480701093
human,2,2,global,0.01,31893,0.44523876712758287
human,2,2,global,0.005,31893,0.2759226162480795
human,2,2,global,0.001,31893,0.21948389928824508
human,2,2,stratified,0.05,31893,1.6310789201392155
human,2,2,stratified,0.01,31893,1.9659486407675664
human,2,2,stratified,0.005,31893,1.856206691123444
human,2,2,stratified,0.001,31893,0.21948389928824508
human,2,3,global,0.05,26287,0.4169361281241678
human,2,3,global,0.01,26287,0.16357895537718264
human,2,3,global,0.005,26287,0.1369498231064785
human,2,3,global,0.001,26287,0.19020808764788677
human,2,3,stratified,0.05,26287,0.8475672385589835
human,2,3,stratified,0.01,26287,0.7303990565678853
human,2,3,stratified,0.005,26287,0.6086658804732377
human,2,3,stratified,0.001,26287,0.11412485258873206
human,2,4,global,0.05,26049,0.20730162386272025
human,2,4,global,0.01,26049,0.17659027217935427
human,2,4,global,0.005,26049,0.3071135168336596
human,2,4,global,0.001,26049,1.0748973089178087
human,2,4,stratified,0.05,26049,0.5988713578256363
human,2,4,stratified,0.01,26049,0.5758378440631118
human,2,4,stratified,0.005,26049,0.6679718991132096
human,2,4,stratified,0.001,26049,0.422281085646282
human,2,5,global,0.05,26373,0.37690061805634545
human,2,5,global,0.01,26373,0.2692147271831039
human,2,5,global,0.005,26373,0.4398437796230994
human,2,5,global,0.001,26373,1.0996094490577486
human,2,5,stratified,0.05,26373,0.7689682629962461
human,2,5,stratified,0.01,26373,0.7773101277822014
human,2,5,stratified,0.005,26373,0.8948545861297539
human,2,5,stratified,0.001,26373,1.0996094490577486
human,2,6,global,0.05,31891,0.5832366498385124
human,2,6,global,0.01,31891,0.24771879213571227
human,2,6,global,0.005,31891,0.34492490044213103
human,2,6,global,0.001,31891,0.689849800884262
human,2,6,stratified,0.05,31891,0.7814116835470821
human,2,6,stratified,0.01,31891,0.5017089460976452
human,2,6,stratified,0.005,31891,0.5957793734909536
human,2,6,stratified,0.001,31891,0.2508544730488226
human,3,0,global,0.05,35369,0.906443495716588
human,3,0,global,0.01,35369,0.3166614832197687
human,3,0,global,0.005,35369,0.22053210438519608
human,3,0,global,0.001,35369,0.6502869744691679
human,3,0,stratified,0.05,35369,1.0506375639684469
human,3,0,stratified,0.01,35369,1.0602505018519042
human,3,0,stratified,0.005,35369,0.9386751109728858
human,3,0,stratified,0.001,35369,1.017840481777828
human,3,1,global,0.05,35494,0.8824026596044401
human,3,1,global,0.01,35494,0.4423282808361977
human,3,1,global,0.005,35494,0.42824139291147795
human,3,1,global,0.001,35494,0.8170394996337409
human,3,1,stratified,0.05,35494,1.3731898349016736
human,3,1,stratified,0.01,35494,1.4424973234912941
human,3,1,stratified,0.005,35494,1.6960613061362484
human,3,1,stratified,0.001,35494,2.1130331887079503
human,3,2,global,0.05,30479,0.8687949079694215
human,3,2,global,0.01,30479,0.2985662259260474
human,3,2,global,0.005,30479,0.23622822271071883
human,3,2,global,0.001,30479,0.06561895075297747
human,3,2,stratified,0.05,30479,1.6824698973063419
human,3,2,stratified,0.01,30479,2.086682633944683
human,3,2,stratified,0.005,30479,1.5092358673184816
human,3,2,stratified,0.001,30479,0.032809475376488734
human,3,3,global,0.05,25494,0.38126618027771236
human,3,3,global,0.01,25494,0.12159723856593709
human,3,3,global,0.005,25494,0.10982976386600769
human,3,3,global,0.001,25494,0.19612457833215657
human,3,3,stratified,0.05,25494,0.9602259355142386
human,3,3,stratified,0.01,25494,0.772730838628697
human,3,3,stratified,0.005,25494,0.7217384482623362
human,3,3,stratified,0.001,25494,0.6275986506629011
human,3,4,global,0.05,25666,0.28520221304449467
human,3,4,global,0.01,25666,0.19091404971557702
human,3,4,global,0.005,25666,0.28831917712148364
human,3,4,global,0.001,25666,1.1688615288708797
human,3,4,stratified,0.05,25666,0.8213200342866048
human,3,4,stratified,0.01,25666,0.6233928153978026
human,3,4,stratified,0.005,25666,0.5766383542429673
human,3,4,stratified,0.001,25666,0.5844307644354398
human,3,5,global,0.05,26122,0.36291248755837985
human,3,5,global,0.01,26122,0.23734782941581808
human,3,5,global,0.005,26122,0.34453717173263915
human,3,5,global,0.001,26122,0.9953296072276242
human,3,5,stratified,0.05,26122,0.7648725212464589
human,3,5,stratified,0.01,26122,0.8115764489702166
human,3,5,stratified,0.005,26122,0.8957966465048617
human,3,5,stratified,0.001,26122,1.7226858586631957
human,3,6,global,0.05,30285,0.5468053491827637
human,3,6,global,0.01,30285,0.25755324418028724
human,3,6,global,0.005,30285,0.34340432557371636
human,3,6,global,0.001,30285,0.46227505365692584
human,3,6,stratified,0.05,30285,0.7871883770843652
human,3,6,stratified,0.01,30285,0.5283143470364867
human,3,6,stratified,0.005,30285,0.5217104176985305
human,3,6,stratified,0.001,30285,0.2971768202080237
human,4,0,global,0.05,34565,0.6382178504267322
human,4,0,global,0.01,34565,0.22855489657167652
human,4,0,global,0.005,34565,0.23144799652828008
human,4,0,global,0.001,34565,0.5207579921886302
human,4,0,stratified,0.05,34565,0.9801822652972659
human,4,0,stratified,0.01,34565,0.7666714884999276
human,4,0,stratified,0.005,34565,0.7232749891508752
human,4,0,stratified,0.001,34565,0.9836539852451902
human,4,1,global,0.05,34723,0.6456815367335772
human,4,1,global,0.01,34723,0.3311925812861792
human,4,1,global,0.005,34723,0.2937534199233937
human,4,1,global,0.001,34723,0.6047864527834576
human,4,1,stratified,0.05,34723,1.342625925179276
human,4,1,stratified,0.01,34723,1.431327938254183
human,4,1,stratified,0.005,34723,1.59548426115255
human,4,1,stratified,0.001,34723,1.0367767762002131
human,4,2,global,0.05,29596,0.7433436950939316
human,4,2,global,0.01,29596,0.3378834977699689
human,4,2,global,0.005,29596,0.3311258278145695
human,4,2,global,0.001,29596,0.23651844843897823
human,4,2,stratified,0.05,29596,1.749560751452899
human,4,2,stratified,0.01,29596,1.9259359372888227
human,4,2,stratified,0.005,29596,1.946208947155021
human,4,2,stratified,0.001,29596,0.23651844843897823
human,4,3,global,0.05,25849,0.31258462609772136
human,4,3,global,0.01,25849,0.15474486440481255
human,4,3,global,0.005,25849,0.17795659406553443
human,4,3,global,0.001,25849,0.30948972880962516
human,4,3,stratified,0.05,25849,0.7946148787187125
human,4,3,stratified,0.01,25849,0.6731401601609346
human,4,3,stratified,0.005,25849,0.5802932415180471
human,4,3,stratified,0.001,25849,0.6189794576192503
human,4,4,global,0.05,25972,0.3134144463268135
human,4,4,global,0.01,25972,0.20406591714153705
human,4,4,global,0.005,25972,0.30802402587401817
human,4,4,global,0.001,25972,0.84706607115355
human,4,4,stratified,0.05,25972,0.7862313260434314
human,4,4,stratified,0.01,25972,0.6738025565994147
human,4,4,stratified,0.005,25972,0.6314492530417373
human,4,4,stratified,0.001,25972,0.5005390420452795
human,4,5,global,0.05,26419,0.39592717362504254
human,4,5,global,0.01,26419,0.2990272152617434
human,4,5,global,0.005,26419,0.4239373178394338
human,4,5,global,0.001,26419,0.6434762860062834
human,4,5,stratified,0.05,26419,0.7744426359816798
human,4,5,stratified,0.01,26419,0.8781558726673985
human,4,5,stratified,0.005,26419,1.0598432945985843
human,4,5,stratified,0.001,26419,1.9682804042545137
human,4,6,global,0.05,30585,0.5224783390550923
human,4,6,global,0.01,30585,0.3138793526238352
human,4,6,global,0.005,30585,0.392349190779794
human,4,6,global,0.001,30585,0.4904364884747425
human,4,6,stratified,0.05,30585,0.9632172633643943
human,4,6,stratified,0.01,30585,0.8566290665358837
human,4,6,stratified,0.005,30585,0.7977766879189145
human,4,6,stratified,0.001,30585,0.8500899133562203
human,5,0,global,0.05,35020,0.5619645916619074
human,5,0,global,0.01,35020,0.3883495145631068
human,5,0,global,0.005,35020,0.4340376927470017
human,5,0,global,0.001,35020,0.9137635636778983
human,5,0,stratified,0.05,35020,0.9714448886350657
human,5,0,stratified,0.01,35020,0.9565962307252998
human,5,0,stratified,0.005,35020,0.9651627641347801
human,5,0,stratified,0.001,35020,1.7133066818960592
human,5,1,global,0.05,35495,0.6254402028454711
human,5,1,global,0.01,35495,0.571911536836174
human,5,1,global,0.005,35495,0.6536131849556276
human,5,1,global,0.001,35495,0.9578813917453163
human,5,1,stratified,0.05,35495,1.360191576278349
human,5,1,stratified,0.01,35495,1.3044090717002395
human,5,1,stratified,0.005,35495,1.493168051838287
human,5,1,stratified,0.001,35495,1.7748978729398506
human,5,2,global,0.05,29513,0.6166773964015857
human,5,2,global,0.01,29513,0.4506488666011588
human,5,2,global,0.005,29513,0.5285806254870735
human,5,2,global,0.001,29513,0.27106698742926844
human,5,2,stratified,0.05,29513,1.6745163148443059
human,5,2,stratified,0.01,29513,1.7653237556331107
human,5,2,stratified,0.005,29513,1.7212753701758547
human,5,2,stratified,0.001,29513,0.2371836140006099
human,5,3,global,0.05,26076,0.29835864396379813
human,5,3,global,0.01,26076,0.21475686454977758
human,5,3,global,0.005,26076,0.24543641662831722
human,5,3,global,0.001,26076,0.268446080687222
human,5,3,stratified,0.05,26076,0.8022702868538119
human,5,3,stratified,0.01,26076,0.7554839699340389
human,5,3,stratified,0.005,26076,0.8283479061205706
human,5,3,stratified,0.001,26076,0.9587360024543641
human,5,4,global,0.05,26003,0.3038110987193785
human,5,4,global,0.01,26003,0.20766834596008155
human,5,4,global,0.005,26003,0.2845825481675191
human,5,4,global,0.001,26003,0.6537707187632197
human,5,4,stratified,0.05,26003,0.7499134715225166
human,5,4,stratified,0.01,26003,0.7229935007499134
human,5,4,stratified,0.005,26003,0.7922162827366073
human,5,4,stratified,0.001,26003,0.38457101103718805
human,5,5,global,0.05,26054,0.4260382282950795
human,5,5,global,0.01,26054,0.46058186842711296
human,5,5,global,0.005,26054,0.606432793429032
human,5,5,global,0.001,26054,1.1898364934367085
human,5,5,stratified,0.05,26054,0.8275120902740463
human,5,5,stratified,0.01,26054,0.8827819144852999
human,5,5,stratified,0.005,26054,1.0439855684347892
human,5,5,stratified,0.001,26054,1.2666001381745604
human,5,6,global,0.05,31140,0.5362877328195247
human,5,6,global,0.01,31140,0.497752087347463
human,5,6,global,0.005,31140,0.6037251123956326
human,5,6,global,0.001,31140,0.44958253050738595
human,5,6,stratified,0.05,31140,1.0057803468208093
human,5,6,stratified,0.01,31140,0.9473346178548491
human,5,6,stratified,0.005,31140,0.9890815671162493
human,5,6,stratified,0.001,31140,0.3532434168272318
human,6,0,global,0.05,41995,0.961543040838195
human,6,0,global,0.01,41995,1.5001785926896058
human,6,0,global,0.005,41995,1.538278366472199
human,6,0,global,0.001,41995,1.0239314204071912
human,6,0,stratified,0.05,41995,0.9458268841528753
human,6,0,stratified,0.01,41995,0.8762947969996429
human,6,0,stratified,0.005,41995,0.9667817597333015
human,6,0,stratified,0.001,41995,1.4287415168472437
human,6,1,global,0.05,42718,1.1091343227679198
human,6,1,global,0.01,42718,1.9874525960953227
human,6,1,global,0.005,42718,2.205159417575729
human,6,1,global,0.001,42718,1.4981974811554848
human,6,1,stratified,0.05,42718,1.2327356149632474
human,6,1,stratified,0.01,42718,1.5871529565990916
human,6,1,stratified,0.005,42718,1.7088815019429748
human,6,1,stratified,0.001,42718,2.4345709068776626
human,6,2,global,0.05,32747,0.9387119430787553
human,6,2,global,0.01,32747,1.2856139493694079
human,6,2,global,0.005,32747,1.4169236876660458
human,6,2,global,0.001,32747,0.5802058203804928
human,6,2,stratified,0.05,32747,1.6319052126912388
human,6,2,stratified,0.01,32747,1.62457629706538
human,6,2,stratified,0.005,32747,1.813906617400067
human,6,2,stratified,0.001,32747,0.9466516016734358
human,6,3,global,0.05,26604,0.36761389264772215
human,6,3,global,0.01,26604,0.21801232897308676
human,6,3,global,0.005,26604,0.16538866335889338
human,6,3,global,0.001,26604,0.1879416629078334
human,6,3,stratified,0.05,26604,0.8352127499624116
human,6,3,stratified,0.01,26604,0.7931138174710569
human,6,3,stratified,0.005,26604,0.804390317245527
human,6,3,stratified,0.001,26604,0.6765899864682003
human,6,4,global,0.05,26072,0.3260202516109236
human,6,4,global,0.01,26072,0.2569806689168457
human,6,4,global,0.005,26072,0.36821110770174903
human,6,4,global,0.001,26072,0.9588830929733048
human,6,4,stratified,0.05,26072,0.7111077017490027
human,6,4,stratified,0.01,26072,0.6597115679656336
human,6,4,stratified,0.005,26072,0.8208039275851488
human,6,4,stratified,0.001,26072,0.8438171218165081
human,6,5,global,0.05,29188,0.7393449362751815
human,6,5,global,0.01,29188,1.3978347265999727
human,6,5,global,0.005,29188,1.4457996436891873
human,6,5,global,0.001,29188,0.9592983417842949
human,6,5,stratified,0.05,29188,0.6694531999451828
human,6,5,stratified,0.01,29188,0.6201178566534191
human,6,5,stratified,0.005,29188,0.5961353981088119
human,6,5,stratified,0.001,29188,1.0278196519117446
human,6,6,global,0.05,38345,1.1709479723562393
human,6,6,global,0.01,38345,2.0524188290520278
human,6,6,global,0.005,38345,2.336680140826705
human,6,6,global,0.001,38345,1.0431607771547788
human,6,6,stratified,0.05,38345,1.159994784196114
human,6,6,stratified,0.01,38345,1.0796714043551963
human,6,6,stratified,0.005,38345,0.844960229495371
human,6,6,stratified,0.001,38345,0.15647411657321686
human,7,0,global,0.05,62349,1.5865531123193635
human,7,0,global,0.01,62349,2.6303549375290705
human,7,0,global,0.005,62349,2.8164044331103946
human,7,0,global,0.001,62349,1.5397199634316507
human,7,0,stratified,0.05,62349,1.0191021507963238
human,7,0,stratified,0.01,62349,1.008837351040113
human,7,0,stratified,0.005,62349,1.0136489759258367
human,7,0,stratified,0.001,62349,1.331216218383615
human,7,1,global,0.05,61774,1.9351183345744163
human,7,1,global,0.01,61774,3.883510862175025
human,7,1,global,0.005,61774,4.370770874477936
human,7,1,global,0.001,61774,2.0720691553080584
human,7,1,stratified,0.05,61774,1.480881924434228
human,7,1,stratified,0.01,61774,2.067212743225305
human,7,1,stratified,0.005,61774,2.1886230452941366
human,7,1,stratified,0.001,61774,1.6349920678602647
human,7,2,global,0.05,43583,1.478558153408439
human,7,2,global,0.01,43583,2.4711470068604733
human,7,2,global,0.005,43583,2.9415138930316864
human,7,2,global,0.001,43583,1.4455177477456806
human,7,2,stratified,0.05,43583,1.5772204758736204
human,7,2,stratified,0.01,43583,1.9227680517633023
human,7,2,stratified,0.005,43583,2.133859532386481
human,7,2,stratified,0.001,43583,1.4914072000550673
human,7,3,global,0.05,27008,0.5005924170616114
human,7,3,global,0.01,27008,0.28139810426540285
human,7,3,global,0.005,27008,0.23696682464454977
human,7,3,global,0.001,27008,0.11107819905213269
human,7,3,stratified,0.05,27008,0.825681279620853
human,7,3,stratified,0.01,27008,0.7331161137440758
human,7,3,stratified,0.005,27008,0.8071682464454977
human,7,3,stratified,0.001,27008,0.33323459715639814
human,7,4,global,0.05,26463,0.34916676113819295
human,7,4,global,0.01,26463,0.2985300230510524
human,7,4,global,0.005,26463,0.37032838302535614
human,7,4,global,0.001,26463,0.8691380417942032
human,7,4,stratified,0.05,26463,0.7066470165891999
human,7,4,stratified,0.01,26463,0.7897819597173411
human,7,4,stratified,0.005,26463,0.8842534859993197
human,7,4,stratified,0.001,26463,1.020292483845369
human,7,5,global,0.05,40224,1.3116547334924422
human,7,5,global,0.01,40224,2.476133651551313
human,7,5,global,0.005,40224,2.4463007159904535
human,7,5,global,0.001,40224,1.1933174224343677
human,7,5,stratified,0.05,40224,0.6985879077167859
human,7,5,stratified,0.01,40224,0.6513524264120922
human,7,5,stratified,0.005,40224,0.7010739856801909
human,7,5,stratified,0.001,40224,1.0192919649960221
human,7,6,global,0.05,60148,1.7157677728270266
human,7,6,global,0.01,60148,3.2469907561348674
human,7,6,global,0.005,60148,3.3085056859745956
human,7,6,global,0.001,60148,1.6126887012036975
human,7,6,stratified,0.05,60148,1.0899780541331383
human,7,6,stratified,0.01,60148,0.916073684910554
human,7,6,stratified,0.005,60148,0.9410121699807144
human,7,6,stratified,0.001,60148,0.9310367759526501
human,8,0,global,0.05,76922,1.587842229791217
human,8,0,global,0.01,76922,2.103429448012272
human,8,0,global,0.005,76922,2.2334312680377524
human,8,0,global,0.001,76922,1.4040196562751879
human,8,0,stratified,0.05,76922,0.9981539741556381
human,8,0,stratified,0.01,76922,0.9984139777956891
human,8,0,stratified,0.005,76922,0.9802137229921218
human,8,0,stratified,0.001,76922,0.767010738150334
human,8,1,global,0.05,73770,1.9381862545750306
human,8,1,global,0.01,73770,3.5217568117120783
human,8,1,global,0.005,73770,4.0422936152907685
human,8,1,global,0.001,73770,2.37223803714247
human,8,1,stratified,0.05,73770,1.5073878270299579
human,8,1,stratified,0.01,73770,2.1973702046902535
human,8,1,stratified,0.005,73770,2.3857936830689983
human,8,1,stratified,0.001,73770,1.599566219330351
human,8,2,global,0.05,53223,1.512503992634763
human,8,2,global,0.01,53223,2.132536685267647
human,8,2,global,0.005,53223,2.2471487890573623
human,8,2,global,0.001,53223,1.2212765157920449
human,8,2,stratified,0.05,53223,1.291171110234297
human,8,2,stratified,0.01,53223,1.3997707757924205
human,8,2,stratified,0.005,53223,1.3227364109501532
human,8,2,stratified,0.001,53223,0.9582323431599121
human,8,3,global,0.05,27302,0.516445681635045
human,8,3,global,0.01,27302,0.27836788513662003
human,8,3,global,0.005,27302,0.30766976778258004
human,8,3,global,0.001,27302,0.4395282396894001
human,8,3,stratified,0.05,27302,0.8277781847483701
human,8,3,stratified,0.01,27302,0.6995824481722951
human,8,3,stratified,0.005,27302,0.732547066149
human,8,3,stratified,0.001,27302,0.8790564793788002
human,8,4,global,0.05,26457,0.3454662282193748
human,8,4,global,0.01,26457,0.26080054427939675
human,8,4,global,0.005,26457,0.3930906754356125
human,8,4,global,0.001,26457,1.0961182295800733
human,8,4,stratified,0.05,26457,0.6712779226669691
human,8,4,stratified,0.01,26457,0.7181464262765997
human,8,4,stratified,0.005,26457,0.8239785312015724
human,8,4,stratified,0.001,26457,1.0205238689193787
human,8,5,global,0.05,49084,1.259066090783147
human,8,5,global,0.01,49084,1.9762040583489529
human,8,5,global,0.005,49084,2.0373237714937655
human,8,5,global,0.001,49084,1.2835139760410723
human,8,5,stratified,0.05,49084,0.780702469236411
human,8,5,stratified,0.01,49084,0.7171379675658056
human,8,5,stratified,0.005,49084,0.7578844429956808
human,8,5,stratified,0.001,49084,0.9982886480319453
human,8,6,global,0.05,75518,1.6070340845891045
human,8,6,global,0.01,75518,2.2961413173018355
human,8,6,global,0.005,75518,2.3729441987340762
human,8,6,global,0.001,75518,1.4963320003178049
human,8,6,stratified,0.05,75518,0.983341719854869
human,8,6,stratified,0.01,75518,0.9891681453428322
human,8,6,stratified,0.005,75518,0.9242829524086973
human,8,6,stratified,0.001,75518,1.0593500887205698
human,9,0,global,0.05,79563,1.549966693060845
human,9,0,global,0.01,79563,1.8312532207181729
human,9,0,global,0.005,79563,1.7973178487487904
human,9,0,global,0.001,79563,1.7596118798939206
human,9,0,stratified,0.05,79563,0.9858853989919937
human,9,0,stratified,0.01,79563,0.9627590714276737
human,9,0,stratified,0.005,79563,0.9376217588577606
human,9,0,stratified,0.001,79563,0.8923745962319168
human,9,1,global,0.05,75855,1.8042317579592642
human,9,1,global,0.01,75855,2.4981873310922156
human,9,1,global,0.005,75855,2.771076395755059
human,9,1,global,0.001,75855,1.9379078505042513
human,9,1,stratified,0.05,75855,1.444070924790719
human,9,1,stratified,0.01,75855,1.8377166963285216
human,9,1,stratified,0.005,75855,1.8799024454551445
human,9,1,stratified,0.001,75855,1.8324434776876937
human,9,2,global,0.05,54678,1.5037126449394638
human,9,2,global,0.01,54678,1.7228135630418084
human,9,2,global,0.005,54678,1.686235780386993
human,9,2,global,0.001,54678,1.2070668276089103
human,9,2,stratified,0.05,54678,1.3493544021361426
human,9,2,stratified,0.01,54678,1.3497201799626906
human,9,2,stratified,0.005,54678,1.185120158016021
human,9,2,stratified,0.001,54678,1.1156223709718716
human,9,3,global,0.05,27415,0.41947838774393575
human,9,3,global,0.01,27415,0.3611161772752143
human,9,3,global,0.005,27415,0.40124019697246033
human,9,3,global,0.001,27415,1.0578150647455773
human,9,3,stratified,0.05,27415,0.7718402334488418
human,9,3,stratified,0.01,27415,0.7805945650191501
human,9,3,stratified,0.005,27415,0.9265000911909538
human,9,3,stratified,0.001,27415,0.9119095385737734
human,9,4,global,0.05,26318,0.30701421080629226
human,9,4,global,0.01,26318,0.27737670035717
human,9,4,global,0.005,26318,0.4027661676419181
human,9,4,global,0.001,26318,1.17790105631127
human,9,4,stratified,0.05,26318,0.6619044000303973
human,9,4,stratified,0.01,26318,0.6155482939433087
human,9,4,stratified,0.005,26318,0.714339995440383
human,9,4,stratified,0.001,26318,0.9499202067026369
human,9,5,global,0.05,52403,1.1224548212888574
human,9,5,global,0.01,52403,1.3453428238841287
human,9,5,global,0.005,52403,1.3854168654466348
human,9,5,global,0.001,52403,1.1068068622025455
human,9,5,stratified,0.05,52403,0.7075930767322481
human,9,5,stratified,0.01,52403,0.7461404881399919
human,9,5,stratified,0.005,52403,0.6869835696429594
human,9,5,stratified,0.001,52403,0.7251493235120127
human,9,6,global,0.05,77686,1.4800607574080271
human,9,6,global,0.01,77686,1.8355945730247405
human,9,6,global,0.005,77686,1.8510413716757201
human,9,6,global,0.001,77686,1.596169193934557
human,9,6,stratified,0.05,77686,0.9170249465798214
human,9,6,stratified,0.01,77686,0.9718610817907989
human,9,6,stratified,0.005,77686,0.9808717143372037
human,9,6,stratified,0.001,77686,1.0812759055685708
human,10,0,global,0.05,80149,1.5061947123482513
human,10,0,global,0.01,80149,1.6544186452731788
human,10,0,global,0.005,80149,1.7068210458021933
human,10,0,global,0.001,80149,2.0212354489762814
human,10,0,stratified,0.05,80149,0.9991391034198804
human,10,0,stratified,0.01,80149,1.015608429300428
human,10,0,stratified,0.005,80149,1.0031316672697101
human,10,0,stratified,0.001,80149,1.0854782966724477
human,10,1,global,0.05,75894,1.7358420955543257
human,10,1,global,0.01,75894,2.1872611800669355
human,10,1,global,0.005,75894,2.303212375154821
human,10,1,global,0.001,75894,1.8183255593327534
human,10,1,stratified,0.05,75894,1.4512346167022423
human,10,1,stratified,0.01,75894,1.674704192689804
human,10,1,stratified,0.005,75894,1.8736659024428808
human,10,1,stratified,0.001,75894,1.1199831343716236
human,10,2,global,0.05,55674,1.4046053813270105
human,10,2,global,0.01,55674,1.4602866688220713
human,10,2,global,0.005,55674,1.4656751805151416
human,10,2,global,0.001,55674,1.2752811006933218
human,10,2,stratified,0.05,55674,1.2239106225527174
human,10,2,stratified,0.01,55674,1.3022236591586738
human,10,2,stratified,0.005,55674,1.3291662176240255
human,10,2,stratified,0.001,55674,1.2573193950497539
human,10,3,global,0.05,27873,0.357335055429986
human,10,3,global,0.01,27873,0.2870161087791052
human,10,3,global,0.005,27873,0.3587701359738815
human,10,3,global,0.001,27873,1.0045563807268683
human,10,3,stratified,0.05,27873,0.6859684999820614
human,10,3,stratified,0.01,27873,0.7390664801061959
human,10,3,stratified,0.005,27873,0.8466975208983605
human,10,3,stratified,0.001,27873,0.932802353532092
human,10,4,global,0.05,26591,0.30160580647587526
human,10,4,global,0.01,26591,0.30085367229513743
human,10,4,global,0.005,26591,0.413673799405814
human,10,4,global,0.001,26591,1.0153811439960887
human,10,4,stratified,0.05,26591,0.7055018615320974
human,10,4,stratified,0.01,26591,0.7521341807378437
human,10,4,stratified,0.005,26591,0.8348689406190063
human,10,4,stratified,0.001,26591,1.052987853032981
human,10,5,global,0.05,53864,1.0830981731768898
human,10,5,global,0.01,53864,1.1584731917421656
human,10,5,global,0.005,53864,1.1584731917421656
human,10,5,global,0.001,53864,0.9839596019604931
human,10,5,stratified,0.05,53864,0.6965691370859942
human,10,5,stratified,0.01,53864,0.7611762958562305
human,10,5,stratified,0.005,53864,0.8131590672805584
human,10,5,stratified,0.001,53864,0.9839596019604931
human,10,6,global,0.05,77921,1.4139962269478061
human,10,6,global,0.01,77921,1.6657897100909895
human,10,6,global,0.005,77921,1.7119903491998305
human,10,6,global,0.001,77921,1.424519705855931
human,10,6,stratified,0.05,77921,0.9463430910794265
human,10,6,stratified,0.01,77921,0.983046932149228
human,10,6,stratified,0.005,77921,0.9291461865222469
human,10,6,stratified,0.001,77921,0.9111792713132532
human,11,0,global,0.05,78139,1.4927245037689245
human,11,0,global,0.01,78139,1.6214694326776642
human,11,0,global,0.005,78139,1.7430476458618616
human,11,0,global,0.001,78139,2.1756101306645848
human,11,0,stratified,0.05,78139,1.0284237064718
human,11,0,stratified,0.01,78139,1.1786687825541664
human,11,0,stratified,0.005,78139,1.394950024955528
human,11,0,stratified,0.001,78139,0.9598279988226109
human,11,1,global,0.05,73420,1.6575864886951786
human,11,1,global,0.01,73420,1.9177335875783164
human,11,1,global,0.005,73420,1.8632525197493872
human,11,1,global,0.001,73420,1.4846090983383275
human,11,1,stratified,0.05,73420,1.3857259602288203
human,11,1,stratified,0.01,73420,1.5241078725143014
human,11,1,stratified,0.005,73420,1.5445382729501498
human,11,1,stratified,0.001,73420,0.7627349496050123
human,11,2,global,0.05,54159,1.2703336472239148
human,11,2,global,0.01,54159,1.1890913790875015
human,11,2,global,0.005,54159,1.1890913790875015
human,11,2,global,0.001,54159,1.0339925035543494
human,11,2,stratified,0.05,54159,1.1650879816835613
human,11,2,stratified,0.01,54159,1.0266068428146753
human,11,2,stratified,0.005,54159,0.9822928783766317
human,11,2,stratified,0.001,54159,0.8493509850625012
human,11,3,global,0.05,28006,0.41705348853817037
human,11,3,global,0.01,28006,0.2820824109119474
human,11,3,global,0.005,28006,0.3213597086338642
human,11,3,global,0.001,28006,1.0711990287795472
human,11,3,stratified,0.05,28006,0.8091123330714847
human,11,3,stratified,0.01,28006,0.6677140612725845
human,11,3,stratified,0.005,28006,0.7569806470042134
human,11,3,stratified,0.001,28006,0.9640791259015925
human,11,4,global,0.05,26752,0.29680023923444976
human,11,4,global,0.01,26752,0.29904306220095694
human,11,4,global,0.005,26752,0.39623205741626794
human,11,4,global,0.001,26752,1.1214114832535884
human,11,4,stratified,0.05,26752,0.6623803827751196
human,11,4,stratified,0.01,26752,0.7550837320574163
human,11,4,stratified,0.005,26752,0.8373205741626795
human,11,4,stratified,0.001,26752,1.2335526315789473
human,11,5,global,0.05,52876,0.9770027990014374
human,11,5,global,0.01,52876,0.9853241546259172
human,11,5,global,0.005,52876,1.0136924124366442
human,11,5,global,0.001,52876,1.0401694530599894
human,11,5,stratified,0.05,52876,0.6554958771465315
human,11,5,stratified,0.01,52876,0.6562523640214841
human,11,5,stratified,0.005,52876,0.6581435812088661
human,11,5,stratified,0.001,52876,0.7753990468265375
human,11,6,global,0.05,76448,1.4961804102134784
human,11,6,global,0.01,76448,1.6494872331519466
human,11,6,global,0.005,76448,1.6272498953537045
human,11,6,global,0.001,76448,1.5173712850565089
human,11,6,stratified,0.05,76448,1.008005441607367
human,11,6,stratified,0.01,76448,1.0543114273754708
human,11,6,stratified,0.005,76448,1.0987861029719548
human,11,6,stratified,0.001,76448,1.2688363331938048
human,12,0,global,0.05,76337,1.5072638432215046
human,12,0,global,0.01,76337,1.5719768919396884
human,12,0,global,0.005,76337,1.5850766993725192
human,12,0,global,0.001,76337,1.6505757365366729
human,12,0,stratified,0.05,76337,1.0707782595595845
human,12,0,stratified,0.01,76337,1.0781141517219697
human,12,0,stratified,0.005,76337,1.1580229770622372
human,12,0,stratified,0.001,76337,0.6287907567758754
human,12,1,global,0.05,72730,1.7318850543104631
human,12,1,global,0.01,72730,1.959301526192768
human,12,1,global,0.005,72730,1.9991750309363399
human,12,1,global,0.001,72730,1.6499381273202254
human,12,1,stratified,0.05,72730,1.454970438608552
human,12,1,stratified,0.01,72730,1.6966863742609652
human,12,1,stratified,0.005,72730,1.7846830743847106
human,12,1,stratified,0.001,72730,0.9349649388147944
human,12,2,global,0.05,52806,1.2884899443245084
human,12,2,global,0.01,52806,1.0983600348445253
human,12,2,global,0.005,52806,1.015036170132182
human,12,2,global,0.001,52806,0.6817407112828088
human,12,2,stratified,0.05,52806,1.1938037344241184
human,12,2,stratified,0.01,52806,1.1362345188046814
human,12,2,stratified,0.005,52806,1.0642729992803848
human,12,2,stratified,0.001,52806,0.5491800174222626
human,12,3,global,0.05,27706,0.38764166606511224
human,12,3,global,0.01,27706,0.2851367934743377
human,12,3,global,0.005,27706,0.3753699559662167
human,12,3,global,0.001,27706,1.4076373348733127
human,12,3,stratified,0.05,27706,0.7507399119324334
human,12,3,stratified,0.01,27706,0.696600014437306
human,12,3,stratified,0.005,27706,0.7507399119324334
human,12,3,stratified,0.001,27706,1.4076373348733127
human,12,4,global,0.05,27137,0.3508125437594428
human,12,4,global,0.01,27137,0.33533551977005566
human,12,4,global,0.005,27137,0.44220068541106244
human,12,4,global,0.001,27137,1.031801599292479
human,12,4,stratified,0.05,27137,0.8099642554445959
human,12,4,stratified,0.01,27137,0.8143862622987066
human,12,4,stratified,0.005,27137,0.9359914507867486
human,12,4,stratified,0.001,27137,0.9949515421748902
human,12,5,global,0.05,51516,1.0218184641664725
human,12,5,global,0.01,51516,0.9045733364391645
human,12,5,global,0.005,51516,0.8308098454848979
human,12,5,global,0.001,51516,0.6405776846028418
human,12,5,stratified,0.05,51516,0.6533892382948987
human,12,5,stratified,0.01,51516,0.47752154670393665
human,12,5,stratified,0.005,51516,0.4697569687087507
human,12,5,stratified,0.001,51516,0.5435204596630173
human,12,6,global,0.05,75809,1.45418090200372
human,12,6,global,0.01,75809,1.5802873009800946
human,12,6,global,0.005,75809,1.635689693835824
human,12,6,global,0.001,75809,1.8467464285243176
human,12,6,stratified,0.05,75809,0.9436874249759264
human,12,6,stratified,0.01,75809,1.0605600918096796
human,12,6,stratified,0.005,75809,1.1845559234391696
human,12,6,stratified,0.001,75809,1.9654658417865953
human,13,0,global,0.05,78179,1.5684518860563579
human,13,0,global,0.01,78179,1.7306437790199414
human,13,0,global,0.005,78179,1.7293646631448345
human,13,0,global,0.001,78179,1.72680643139462
human,13,0,stratified,0.05,78179,1.107714347842771
human,13,0,stratified,0.01,78179,1.2151600813517696
human,13,0,stratified,0.005,78179,1.2867905703577687
human,13,0,stratified,0.001,78179,1.0488750175878432
human,13,1,global,0.05,76061,1.7367639131749515
human,13,1,global,0.01,76061,1.9510655920905589
human,13,1,global,0.005,76061,1.96421293435532
human,13,1,global,0.001,76061,1.5908284140361026
human,13,1,stratified,0.05,76061,1.3802079909546285
human,13,1,stratified,0.01,76061,1.5014264866357265
human,13,1,stratified,0.005,76061,1.461984459841443
human,13,1,stratified,0.001,76061,1.1306714347694613
human,13,2,global,0.05,53656,1.2453406888325629
human,13,2,global,0.01,53656,1.138735649321604
human,13,2,global,0.005,53656,1.0921425376472342
human,13,2,global,0.001,53656,0.9504994781571492
human,13,2,stratified,0.05,53656,1.0682868644699568
human,13,2,stratified,0.01,53656,1.0902788131802594
human,13,2,stratified,0.005,53656,1.1592366184583272
human,13,2,stratified,0.001,53656,1.1927836588638736
human,13,3,global,0.05,27459,0.3678211151170836
human,13,3,global,0.01,27459,0.2476419388907098
human,13,3,global,0.005,27459,0.32776138970829233
human,13,3,global,0.001,27459,1.0561200335044976
human,13,3,stratified,0.05,27459,0.8121198878327688
human,13,3,stratified,0.01,27459,0.8121198878327688
human,13,3,stratified,0.005,27459,1.0197021013146872
human,13,3,stratified,0.001,27459,1.092537965694308
human,13,4,global,0.05,27138,0.38691134202962635
human,13,4,global,0.01,27138,0.39796595180190136
human,13,4,global,0.005,27138,0.6043186675510354
human,13,4,global,0.001,27138,1.5476453681185054
human,13,4,stratified,0.05,27138,0.7951949296189844
human,13,4,stratified,0.01,27138,0.8991082614783699
human,13,4,stratified,0.005,27138,1.127570196772054
human,13,4,stratified,0.001,27138,1.473947969636672
human,13,5,global,0.05,52171,1.037741273887792
human,13,5,global,0.01,52171,0.9948055433095013
human,13,5,global,0.005,52171,1.0043894117421557
human,13,5,global,0.001,52171,1.0542255275919572
human,13,5,stratified,0.05,52171,0.6394357018266853
human,13,5,stratified,0.01,52171,0.6344520902417051
human,13,5,stratified,0.005,52171,0.578865653332311
human,13,5,stratified,0.001,52171,0.7475417377470241
human,13,6,global,0.05,79690,1.418747647132639
human,13,6,global,0.01,79690,1.5522650269795457
human,13,6,global,0.005,79690,1.5911657673484754
human,13,6,global,0.001,79690,1.6815158740117957
human,13,6,stratified,0.05,79690,0.9037520391517129
human,13,6,stratified,0.01,79690,1.0314970510729076
human,13,6,stratified,0.005,79690,1.1594930355126114
human,13,6,stratified,0.001,79690,1.543480988831723
human,14,0,global,0.05,78863,1.551805028974297
human,14,0,global,0.01,78863,1.5939033513815095
human,14,0,global,0.005,78863,1.5824911555482293
human,14,0,global,0.001,78863,1.6611085046219394
human,14,0,stratified,0.05,78863,1.0575301472173262
human,14,0,stratified,0.01,78863,1.1082510175874618
human,14,0,stratified,0.005,78863,1.1995485842537057
human,14,0,stratified,0.001,78863,1.1665800185131177
human,14,1,global,0.05,75114,1.7834225310860823
human,14,1,global,0.01,75114,1.9809888968767473
human,14,1,global,0.005,75114,1.9330617461458584
human,14,1,global,0.001,75114,1.6375109833053758
human,14,1,stratified,0.05,75114,1.3358361956492797
human,14,1,stratified,0.01,75114,1.479085123944937
human,14,1,stratified,0.005,75114,1.5602950182389435
human,14,1,stratified,0.001,75114,1.4511276193519185
human,14,2,global,0.05,52633,1.1920278152489883
human,14,2,global,0.01,52633,1.1456690669351928
human,14,2,global,0.005,52633,1.0677711701784052
human,14,2,global,0.001,52633,0.9119753766648301
human,14,2,stratified,0.05,52633,1.031292155111812
human,14,2,stratified,0.01,52633,0.9765736325119222
human,14,2,stratified,0.005,52633,1.033572093553474
human,14,2,stratified,0.001,52633,0.9689738377063819
human,14,3,global,0.05,26414,0.3437570985083667
human,14,3,global,0.01,26414,0.3217990459604755
human,14,3,global,0.005,26414,0.43158930869993184
human,14,3,global,0.001,26414,1.5900658741576437
human,14,3,stratified,0.05,26414,0.8525781782388127
human,14,3,stratified,0.01,26414,0.8669644885288106
human,14,3,stratified,0.005,26414,0.9313242977209056
human,14,3,stratified,0.001,26414,1.5900658741576437
human,14,4,global,0.05,27493,0.3673662386789365
human,14,4,global,0.01,27493,0.38555268613828975
human,14,4,global,0.005,27493,0.5674171607318227
human,14,4,global,0.001,27493,1.4912886916669696
human,14,4,stratified,0.05,27493,0.74127959844324
human,14,4,stratified,0.01,27493,0.807478267195286
human,14,4,stratified,0.005,27493,1.0257156367075255
human,14,4,stratified,0.001,27493,1.054813952642491
human,14,5,global,0.05,52171,1.0806770044660825
human,14,5,global,0.01,52171,1.0312242433535872
human,14,5,global,0.005,52171,1.0618926223380805
human,14,5,global,0.001,52171,1.3225738437062735
human,14,5,stratified,0.05,52171,0.6528531176324011
human,14,5,stratified,0.01,52171,0.5865327480784344
human,14,5,stratified,0.005,52171,0.6670372429127293
human,14,5,stratified,0.001,52171,0.7475417377470241
human,14,6,global,0.05,77126,1.4804346134896142
human,14,6,global,0.01,77126,1.642766382283536
human,14,6,global,0.005,77126,1.6336903249228534
human,14,6,global,0.001,77126,1.7244508985296787
human,14,6,stratified,0.05,77126,1.0118507377538055
human,14,6,stratified,0.01,77126,1.0333739594948526
human,14,6,stratified,0.005,77126,1.1176516349869046
human,14,6,stratified,0.001,77126,1.7114851023001323
human,15,0,global,0.05,77879,1.5210775690494227
human,15,0,global,0.01,77879,1.6345869875062597
human,15,0,global,0.005,77879,1.65127954904403
human,15,0,global,0.001,77879,1.4381283786386574
human,15,0,stratified,0.05,77879,1.0770554321447372
human,15,0,stratified,0.01,77879,1.1402303573492212
human,15,0,stratified,0.005,77879,1.1607750484726305
human,15,0,stratified,0.001,77879,1.0529154200747313
human,15,1,global,0.05,73678,1.8363690653926545
human,15,1,global,0.01,73678,1.9517359320285566
human,15,1,global,0.005,73678,1.802437634029154
human,15,1,global,0.001,73678,1.9815955916284371
human,15,1,stratified,0.05,73678,1.3151822796492847
human,15,1,stratified,0.01,73678,1.2988951925948045
human,15,1,stratified,0.005,73678,1.3599717690491055
human,15,1,stratified,0.001,73678,1.5608458427210294
human,15,2,global,0.05,48429,1.0869520328728655
human,15,2,global,0.01,48429,1.0035309422040513
human,15,2,global,0.005,48429,1.0117904561316566
human,15,2,global,0.001,48429,0.6814098990274422
human,15,2,stratified,0.05,48429,1.0060087963823328
human,15,2,stratified,0.01,48429,1.0055958206859525
human,15,2,stratified,0.005,48429,1.0613475396972887
human,15,2,stratified,0.001,48429,0.8672489623985628
human,15,3,global,0.05,26422,0.32245855726288697
human,15,3,global,0.01,26422,0.2611460146847324
human,15,3,global,0.005,26422,0.3103474377412762
human,15,3,global,0.001,26422,0.9840284611308757
human,15,3,stratified,0.05,26422,0.8409658617818484
human,15,3,stratified,0.01,26422,0.6471879494360759
human,15,3,stratified,0.005,26422,0.7266671712966467
human,15,3,stratified,0.001,26422,0.9083339641208085
human,15,4,global,0.05,27266,0.39389716129978725
human,15,4,global,0.01,27266,0.38142741876329495
human,15,4,global,0.005,27266,0.5207951294652681
human,15,4,global,0.001,27266,0.6601628401672412
human,15,4,stratified,0.05,27266,0.7371818381867526
human,15,4,stratified,0.01,27266,0.9058901195628254
human,15,4,stratified,0.005,27266,1.1589525416269346
human,15,4,stratified,0.001,27266,2.2005428005574705
human,15,5,global,0.05,51137,1.0626356649783912
human,15,5,global,0.01,51137,0.9816766724680759
human,15,5,global,0.005,51137,1.0207872968691947
human,15,5,global,0.001,51137,1.114652795431879
human,15,5,stratified,0.05,51137,0.674267164675284
human,15,5,stratified,0.01,51137,0.6394587089582885
human,15,5,stratified,0.005,51137,0.5983925533371139
human,15,5,stratified,0.001,51137,0.7822124880223712
human,15,6,global,0.05,75799,1.522711381416641
human,15,6,global,0.01,75799,1.7256164329344714
human,15,6,global,0.005,75799,1.7018694178023457
human,15,6,global,0.001,75799,2.269159223736461
human,15,6,stratified,0.05,75799,1.0554228947611446
human,15,6,stratified,0.01,75799,1.2229712793044762
human,15,6,stratified,0.005,75799,1.2295676723967335
human,15,6,stratified,0.001,75799,2.137231361891318
human,16,0,global,0.05,69292,1.5993188246839463
human,16,0,global,0.01,69292,1.531201293078566
human,16,0,global,0.005,69292,1.489349419846447
human,16,0,global,0.001,69292,1.399873001212261
human,16,0,stratified,0.05,69292,1.3228078277434623
human,16,0,stratified,0.01,69292,1.301737574323154
human,16,0,stratified,0.005,69292,1.4345090342319458
human,16,0,stratified,0.001,69292,1.1545344339894936
human,16,1,global,0.05,67859,1.608040201005025
human,16,1,global,0.01,67859,1.69763774886161
human,16,1,global,0.005,67859,1.6829013100694086
human,16,1,global,0.001,67859,2.004155675739401
human,16,1,stratified,0.05,67859,1.3672467911404529
human,16,1,stratified,0.01,67859,1.4456446455149647
human,16,1,stratified,0.005,67859,1.506064044562991
human,16,1,stratified,0.001,67859,1.576798950765558
human,16,2,global,0.05,39979,0.8674554140923985
human,16,2,global,0.01,39979,0.7303834513119387
human,16,2,global,0.005,39979,0.7453913304484854
human,16,2,global,0.001,39979,0.4752495059906451
human,16,2,stratified,0.05,39979,1.0045273768728582
human,16,2,stratified,0.01,39979,1.0855699242102104
human,16,2,stratified,0.005,39979,1.1255909352410016
human,16,2,stratified,0.001,39979,1.4007353860776908
human,16,3,global,0.05,26328,0.3281677301731996
human,16,3,global,0.01,26328,0.2544819203889395
human,16,3,global,0.005,26328,0.3038590094196293
human,16,3,global,0.001,26328,0.9495594044363415
human,16,3,stratified,0.05,26328,0.8948647827408082
human,16,3,stratified,0.01,26328,0.7710422364023093
human,16,3,stratified,0.005,26328,0.7748404740200547
human,16,3,stratified,0.001,26328,0.6457003950167123
human,16,4,global,0.05,27002,0.3970076290645137
human,16,4,global,0.01,27002,0.34071550255536626
human,16,4,global,0.005,27002,0.43700466632101326
human,16,4,global,0.001,27002,0.4814458188282349
human,16,4,stratified,0.05,27002,0.721428042367232
human,16,4,stratified,0.01,27002,0.885119620768832
human,16,4,stratified,0.005,27002,1.059180801422117
human,16,4,stratified,0.001,27002,2.925709206725428
human,16,5,global,0.05,47826,1.0040563710115835
human,16,5,global,0.01,47826,0.9011834566971939
human,16,5,global,0.005,47826,0.9910927110776565
human,16,5,global,0.001,47826,1.2963659933927152
human,16,5,stratified,0.05,47826,0.6456739012252749
human,16,5,stratified,0.01,47826,0.6251829548780997
human,16,5,stratified,0.005,47826,0.6900012545477355
human,16,5,stratified,0.001,47826,0.9827290595073809
human,16,6,global,0.05,68423,1.4384052146208144
human,16,6,global,0.01,68423,1.4118059716761906
human,16,6,global,0.005,68423,1.3796530406442278
human,16,6,global,0.001,68423,1.7099513321543924
human,16,6,stratified,0.05,68423,1.0394165704514564
human,16,6,stratified,0.01,68423,1.0683542083802229
human,16,6,stratified,0.005,68423,1.204273416833521
human,16,6,stratified,0.001,68423,1.9730207678704528
human,17,0,global,0.05,50778,1.3249832604671312
human,17,0,global,0.01,50778,1.1087478829414312
human,17,0,global,0.005,50778,1.0358816810429714
human,17,0,global,0.001,50778,1.3391626294852101
human,17,0,stratified,0.05,50778,1.2481783449525385
human,17,0,stratified,0.01,50778,1.2505415731222183
human,17,0,stratified,0.005,50778,1.362794911182008
human,17,0,stratified,0.001,50778,2.1269053527118045
human,17,1,global,0.05,47014,1.445526864338282
human,17,1,global,0.01,47014,1.3442804271068194
human,17,1,global,0.005,47014,1.2974858552771515
human,17,1,global,0.001,47014,1.53145871442549
human,17,1,stratified,0.05,47014,1.4587144254902795
human,17,1,stratified,0.01,47014,1.533585740417748
human,17,1,stratified,0.005,47014,1.595269494193219
human,17,1,stratified,0.001,47014,1.53145871442549
human,17,2,global,0.05,32164,0.6417112299465241
human,17,2,global,0.01,32164,0.4414873771918916
human,17,2,global,0.005,32164,0.4601417734112673
human,17,2,global,0.001,32164,0.4352692451187663
human,17,2,stratified,0.05,32164,0.9980101977365998
human,17,2,stratified,0.01,32164,0.9327198109687849
human,17,2,stratified,0.005,32164,1.013555527919413
human,17,2,stratified,0.001,32164,1.5856236786469344
human,17,3,global,0.05,26480,0.357250755287009
human,17,3,global,0.01,26480,0.23036253776435048
human,17,3,global,0.005,26480,0.3021148036253776
human,17,3,global,0.001,26480,0.9441087613293052
human,17,3,stratified,0.05,26480,0.8058912386706948
human,17,3,stratified,0.01,26480,0.8496978851963747
human,17,3,stratified,0.005,26480,0.8534743202416919
human,17,3,stratified,0.001,26480,0.9441087613293052
human,17,4,global,0.05,27193,0.4471739050490935
human,17,4,global,0.01,27193,0.3015481925495532
human,17,4,global,0.005,27193,0.3971610340896554
human,17,4,global,0.001,27193,0.5516125473467436
human,17,4,stratified,0.05,27193,0.7869672342146875
human,17,4,stratified,0.01,27193,0.8789026587724782
human,17,4,stratified,0.005,27193,0.9340639135071527
human,17,4,stratified,0.001,27193,2.3535468686794396
human,17,5,global,0.05,37700,0.8435013262599469
human,17,5,global,0.01,37700,0.5676392572944297
human,17,5,global,0.005,37700,0.6259946949602122
human,17,5,global,0.001,37700,1.0610079575596816
human,17,5,stratified,0.05,37700,0.7039787798408488
human,17,5,stratified,0.01,37700,0.5358090185676393
human,17,5,stratified,0.005,37700,0.5570291777188329
human,17,5,stratified,0.001,37700,0.5039787798408487
human,17,6,global,0.05,49858,1.225079224998997
human,17,6,global,0.01,49858,1.0008423923944
human,17,6,global,0.005,49858,0.9386658109029644
human,17,6,global,0.001,49858,1.4441012475430222
human,17,6,stratified,0.05,49858,0.9936218861566849
human,17,6,stratified,0.01,49858,0.9647398612058246
human,17,6,stratified,0.005,49858,0.9587227726743953
human,17,6,stratified,0.001,49858,2.0056961771430863
human,18,0,global,0.05,40073,1.039602725026826
human,18,0,global,0.01,40073,0.8234971177600879
human,18,0,global,0.005,40073,0.84845157587403
human,18,0,global,0.001,40073,1.2477229056971026
human,18,0,stratified,0.05,40073,1.2572055997804006
human,18,0,stratified,0.01,40073,1.225263893394555
human,18,0,stratified,0.005,40073,1.492276595213735
human,18,0,stratified,0.001,40073,2.1211289396850748
human,18,1,global,0.05,36404,1.054829139654983
human,18,1,global,0.01,36404,0.7911218547412372
human,18,1,global,0.005,36404,0.7087133282056917
human,18,1,global,0.001,36404,0.9889023184265464
human,18,1,stratified,0.05,36404,1.5097242061311944
human,18,1,stratified,0.01,36404,1.5190638391385562
human,18,1,stratified,0.005,36404,1.4778595758707835
human,18,1,stratified,0.001,36404,1.1537193714976377
human,18,2,global,0.05,29015,0.5645355850422196
human,18,2,global,0.01,29015,0.36532827847665
human,18,2,global,0.005,29015,0.46872307427192833
human,18,2,global,0.001,29015,0.5169739789763915
human,18,2,stratified,0.05,29015,1.048423229364122
human,18,2,stratified,0.01,29015,1.2338445631569879
human,18,2,stratified,0.005,29015,1.3579183181113217
human,18,2,stratified,0.001,29015,2.309150439427882
human,18,3,global,0.05,26605,0.36609659838376246
human,18,3,global,0.01,26605,0.19169329073482427
human,18,3,global,0.005,26605,0.2781432061642548
human,18,3,global,0.001,26605,1.0148468333020109
human,18,3,stratified,0.05,26605,0.820898327382071
human,18,3,stratified,0.01,26605,0.8832926141702687
human,18,3,stratified,0.005,26605,0.8344296184927645
human,18,3,stratified,0.001,26605,0.9020860740462319
human,18,4,global,0.05,26443,0.4447301743372537
human,18,4,global,0.01,26443,0.32144612941043
human,18,4,global,0.005,26443,0.44624286200506746
human,18,4,global,0.001,26443,0.6050750671255153
human,18,4,stratified,0.05,26443,0.8720644404946488
human,18,4,stratified,0.01,26443,0.8924857240101349
human,18,4,stratified,0.005,26443,1.1193888741822031
human,18,4,stratified,0.001,26443,2.8362893771508526
human,18,5,global,0.05,32770,0.6536466280134269
human,18,5,global,0.01,32770,0.38754958803783945
human,18,5,global,0.005,32770,0.48214830637778455
human,18,5,global,0.001,32770,0.9459871833994506
human,18,5,stratified,0.05,32770,0.7946292340555385
human,18,5,stratified,0.01,32770,0.6774488861763808
human,18,5,stratified,0.005,32770,0.7079646017699115
human,18,5,stratified,0.001,32770,1.098565761367104
human,18,6,global,0.05,39535,0.932844315163779
human,18,6,global,0.01,39535,0.6272922726697863
human,18,6,global,0.005,39535,0.5969394207664095
human,18,6,global,0.001,39535,1.0623498166181864
human,18,6,stratified,0.05,39535,1.025420513469078
human,18,6,stratified,0.01,39535,1.1205261160996585
human,18,6,stratified,0.005,39535,1.0370557733653725
human,18,6,stratified,0.001,39535,2.048817503477931
human,19,0,global,0.05,37411,0.7591350137660047
human,19,0,global,0.01,37411,0.5372751329822779
human,19,0,global,0.005,37411,0.6468685680682152
human,19,0,global,0.001,37411,1.2830450936890219
human,19,0,stratified,0.05,37411,1.2675416321402795
human,19,0,stratified,0.01,37411,0.932880703536393
human,19,0,stratified,0.005,37411,1.1547405843201197
human,19,0,stratified,0.001,37411,0.8286332896741601
human,19,1,global,0.05,32796,0.9238931577021587
human,19,1,global,0.01,32796,0.6159287718014392
human,19,1,global,0.005,32796,0.6281253811440419
human,19,1,global,0.001,32796,1.3111355043297963
human,19,1,stratified,0.05,32796,1.5062812538114403
human,19,1,stratified,0.01,32796,1.4696914257836322
human,19,1,stratified,0.005,32796,1.5184778631540432
human,19,1,stratified,0.001,32796,1.4635931211123308
human,19,2,global,0.05,27922,0.40828020915407204
human,19,2,global,0.01,27922,0.25427977938543084
human,19,2,global,0.005,27922,0.2865124274765418
human,19,2,global,0.001,27922,0.42976864121481273
human,19,2,stratified,0.05,27922,0.7227275983095767
human,19,2,stratified,0.01,27922,0.7270252847217248
human,19,2,stratified,0.005,27922,0.7879091755604899
human,19,2,stratified,0.001,27922,1.6116324045555477
human,19,3,global,0.05,26038,0.3064751517013595
human,19,3,global,0.01,26038,0.2150702818956909
human,19,3,global,0.005,26038,0.2688378523696136
human,19,3,global,0.001,26038,0.9217297795529611
human,19,3,stratified,0.05,26038,0.662109224978877
human,19,3,stratified,0.01,26038,0.626008141946386
human,19,3,stratified,0.005,26038,0.8602811275827636
human,19,3,stratified,0.001,26038,1.0369460019970813
human,19,4,global,0.05,26188,0.40094699862532457
human,19,4,global,0.01,26188,0.381854284405071
human,19,4,global,0.005,26188,0.44295096990988236
human,19,4,global,0.001,26188,0.6873377119291278
human,19,4,stratified,0.05,26188,0.8232778371773332
human,19,4,stratified,0.01,26188,0.8706277684435619
human,19,4,stratified,0.005,26188,1.1761111959676187
human,19,4,stratified,0.001,26188,3.0930197036810756
human,19,5,global,0.05,31461,0.582943962366104
human,19,5,global,0.01,31461,0.39731731349925303
human,19,5,global,0.005,31461,0.4640666221671276
human,19,5,global,0.001,31461,1.0489177076380278
human,19,5,stratified,0.05,31461,0.8664695972791709
human,19,5,stratified,0.01,31461,0.8772766282063508
human,19,5,stratified,0.005,31461,0.8327770890944344
human,19,5,stratified,0.001,31461,1.1124884777979085
human,19,6,global,0.05,36878,0.7842073865177069
human,19,6,global,0.01,36878,0.5152123217094202
human,19,6,global,0.005,36878,0.46097944574000754
human,19,6,global,0.001,36878,1.0033082054341342
human,19,6,stratified,0.05,36878,0.9968002603178047
human,19,6,stratified,0.01,36878,1.1687184771408428
human,19,6,stratified,0.005,36878,1.2582027224903738
human,19,6,stratified,0.001,36878,1.8710342209447366
human,20,0,global,0.05,36417,0.6853941840349287
human,20,0,global,0.01,36417,0.5107504736798747
human,20,0,global,0.005,36417,0.6535409286871516
human,20,0,global,0.001,36417,1.1533075212126205
human,20,0,stratified,0.05,36417,1.1780212538100336
human,20,0,stratified,0.01,36417,1.13408572919241
human,20,0,stratified,0.005,36417,1.323557679105912
human,20,0,stratified,0.001,36417,1.5926627673888567
human,20,1,global,0.05,31699,0.8915107732105113
human,20,1,global,0.01,31699,0.5236758257358276
human,20,1,global,0.005,31699,0.5110571311397836
human,20,1,global,0.001,31699,1.4196031420549544
human,20,1,stratified,0.05,31699,1.6732389034354396
human,20,1,stratified,0.01,31699,1.5868008454525377
human,20,1,stratified,0.005,31699,1.5584087826114388
human,20,1,stratified,0.001,31699,1.608883560995615
human,20,2,global,0.05,27232,0.4164218566392479
human,20,2,global,0.01,27232,0.2056404230317274
human,20,2,global,0.005,27232,0.2056404230317274
human,20,2,global,0.001,27232,0.22032902467685075
human,20,2,stratified,0.05,27232,0.7131316098707403
human,20,2,stratified,0.01,27232,0.594888366627497
human,20,2,stratified,0.005,27232,0.6316098707403055
human,20,2,stratified,0.001,27232,1.285252643948296
human,20,3,global,0.05,26205,0.289257775233734
human,20,3,global,0.01,26205,0.17553901927113147
human,20,3,global,0.005,26205,0.2442282007250525
human,20,3,global,0.001,26205,0.9158557527189467
human,20,3,stratified,0.05,26205,0.6525472238122495
human,20,3,stratified,0.01,26205,0.5418813203587102
human,20,3,stratified,0.005,26205,0.618202633085289
human,20,3,stratified,0.001,26205,0.8776950963556573
human,20,4,global,0.05,25988,0.37247960597198704
human,20,4,global,0.01,25988,0.3386178236108973
human,20,4,global,0.005,25988,0.44635985839618286
human,20,4,global,0.001,25988,0.9619824534400493
human,20,4,stratified,0.05,25988,0.8096044328151454
human,20,4,stratified,0.01,25988,0.900415576419886
human,20,4,stratified,0.005,25988,1.054332768970294
human,20,4,stratified,0.001,25988,2.53963367708173
human,20,5,global,0.05,31959,0.5175380956850965
human,20,5,global,0.01,31959,0.3160299133264495
human,20,5,global,0.005,31959,0.3692230670546638
human,20,5,global,0.001,31959,0.8135423511373947
human,20,5,stratified,0.05,31959,0.8661097030570417
human,20,5,stratified,0.01,31959,0.9167996495509873
human,20,5,stratified,0.005,31959,0.8510904596514284
human,20,5,stratified,0.001,31959,0.8448324415657561
human,20,6,global,0.05,36314,0.7347028694167538
human,20,6,global,0.01,36314,0.4819078041526684
human,20,6,global,0.005,36314,0.4901690807952856
human,20,6,global,0.001,36314,1.184116318775128
human,20,6,stratified,0.05,36314,1.0139340199372142
human,20,6,stratified,0.01,36314,1.2006388720603622
human,20,6,stratified,0.005,36314,1.3768794404361955
human,20,6,stratified,0.001,36314,2.092856749463017
human,21,0,global,0.05,36837,0.6878953226375654
human,21,0,global,0.01,36837,0.4669218448842197
human,21,0,global,0.005,36837,0.5863669679941362
human,21,0,global,0.001,36837,1.275891087765019
human,21,0,stratified,0.05,36837,1.1086679154111354
human,21,0,stratified,0.01,36837,1.009854222656568
human,21,0,stratified,0.005,36837,1.1510166408773788
human,21,0,stratified,0.001,36837,1.6830903710942802
human,21,1,global,0.05,31731,0.8395575304906873
human,21,1,global,0.01,31731,0.5073902492830356
human,21,1,global,0.005,31731,0.5231477104408937
human,21,1,global,0.001,31731,1.4496864265229585
human,21,1,stratified,0.05,31731,1.6595758091456305
human,21,1,stratified,0.01,31731,1.651381929343544
human,21,1,stratified,0.005,31731,1.4244744886703855
human,21,1,stratified,0.001,31731,1.7018058050486904
human,21,2,global,0.05,29889,0.5179162902740139
human,21,2,global,0.01,29889,0.2944226973133929
human,21,2,global,0.005,29889,0.4081769212753856
human,21,2,global,0.001,29889,0.9702566161464083
human,21,2,stratified,0.05,29889,0.8143464150690889
human,21,2,stratified,0.01,29889,0.8966509418180602
human,21,2,stratified,0.005,29889,0.8765766670012378
human,21,2,stratified,0.001,29889,2.007427481682224
human,21,3,global,0.05,25840,0.2871517027863777
human,21,3,global,0.01,25840,0.20123839009287925
human,21,3,global,0.005,25840,0.34055727554179566
human,21,3,global,0.001,25840,1.2770897832817336
human,21,3,stratified,0.05,25840,0.6888544891640866
human,21,3,stratified,0.01,25840,0.6501547987616099
human,21,3,stratified,0.005,25840,0.6191950464396285
human,21,3,stratified,0.001,25840,1.08359133126935
human,21,4,global,0.05,26064,0.3667894413750767
human,21,4,global,0.01,26064,0.295426642111725
human,21,4,global,0.005,26064,0.46807857581338247
human,21,4,global,0.001,26064,0.7289748311847759
human,21,4,stratified,0.05,26064,0.8072437077961939
human,21,4,stratified,0.01,26064,0.8133824432166974
human,21,4,stratified,0.005,26064,1.0512584407612031
human,21,4,stratified,0.001,26064,2.4554941682013505
human,21,5,global,0.05,31902,0.49401291455081187
human,21,5,global,0.01,31902,0.2476333772177293
human,21,5,global,0.005,31902,0.3698827659707855
human,21,5,global,0.001,31902,0.9717259106012162
human,21,5,stratified,0.05,31902,0.8087267255971412
human,21,5,stratified,0.01,31902,0.7648423296345056
human,21,5,stratified,0.005,31902,0.7334963325183373
human,21,5,stratified,0.001,31902,1.034417904833553
human,21,6,global,0.05,36903,0.7392352925236431
human,21,6,global,0.01,36903,0.5311221309920603
human,21,6,global,0.005,36903,0.5636398124813701
human,21,6,global,0.001,36903,1.3549033953879088
human,21,6,stratified,0.05,36903,1.0297265804948106
human,21,6,stratified,0.01,36903,1.2519307373384276
human,21,6,stratified,0.005,36903,1.4090995312034251
human,21,6,stratified,0.001,36903,2.601414519144785
human,22,0,global,0.05,36001,0.6766478708924751
human,22,0,global,0.01,36001,0.4027665898169495
human,22,0,global,0.005,36001,0.466653704063776
human,22,0,global,0.001,36001,0.9166412044109886
human,22,0,stratified,0.05,36001,1.049970834143496
human,22,0,stratified,0.01,36001,0.9694175161801061
human,22,0,stratified,0.005,36001,1.0777478403377683
human,22,0,stratified,0.001,36001,1.4444043221021639
human,22,1,global,0.05,31003,0.807663774473438
human,22,1,global,0.01,31003,0.5257555720414153
human,22,1,global,0.005,31003,0.47092216882237203
human,22,1,global,0.001,31003,1.2579427797309937
human,22,1,stratified,0.05,31003,1.5017901493403865
human,22,1,stratified,0.01,31003,1.67080605102732
human,22,1,stratified,0.005,31003,1.548237267361223
human,22,1,stratified,0.001,31003,1.7417669257813762
human,22,2,global,0.05,26985,0.6277561608300908
human,22,2,global,0.01,26985,0.31498980915323327
human,22,2,global,0.005,26985,0.311284046692607
human,22,2,global,0.001,26985,0.4076338706688901
human,22,2,stratified,0.05,26985,0.9679451547155827
human,22,2,stratified,0.01,26985,1.0042616268297202
human,22,2,stratified,0.005,26985,1.030201964054104
human,22,2,stratified,0.001,26985,1.8158236057068742
human,22,3,global,0.05,26027,0.27740423406462517
human,22,3,global,0.01,26027,0.16905521189533945
human,22,3,global,0.005,26027,0.24589849002958464
human,22,3,global,0.001,26027,0.960540976678065
human,22,3,stratified,0.05,26027,0.7015791293656587
human,22,3,stratified,0.01,26027,0.6224305528873861
human,22,3,stratified,0.005,26027,0.6685365197679333
human,22,3,stratified,0.001,26027,0.8068544204095747
human,22,4,global,0.05,26626,0.3485315105535942
human,22,4,global,0.01,26626,0.23661083151806506
human,22,4,global,0.005,26626,0.3154811086907534
human,22,4,global,0.001,26626,0.4506872981296477
human,22,4,stratified,0.05,26626,0.7331180049575603
human,22,4,stratified,0.01,26626,0.7323668594606775
human,22,4,stratified,0.005,26626,0.9088860512281228
human,22,4,stratified,0.001,26626,1.6149628182979041
human,22,5,global,0.05,31610,0.542866181588105
human,22,5,global,0.01,31610,0.2847200253084467
human,22,5,global,0.005,31610,0.34799114204365705
human,22,5,global,0.001,31610,0.8225245175577348
human,22,5,stratified,0.05,31610,0.8415058525782979
human,22,5,stratified,0.01,31610,0.689655172413793
human,22,5,stratified,0.005,31610,0.6263840556785827
human,22,5,stratified,0.001,31610,0.9174311926605505
human,22,6,global,0.05,36393,0.7347566839776879
human,22,6,global,0.01,36393,0.4149149561728904
human,22,6,global,0.005,36393,0.41216717500618244
human,22,6,global,0.001,36393,1.0441568433489958
human,22,6,stratified,0.05,36393,0.9848047701481053
human,22,6,stratified,0.01,36393,1.1623114335174347
human,22,6,stratified,0.005,36393,1.1265902783502322
human,22,6,stratified,0.001,36393,2.060835875030912
human,23,0,global,0.05,36181,0.5903651087587407
human,23,0,global,0.01,36181,0.37036013377186916
human,23,0,global,0.005,36181,0.4698598712031176
human,23,0,global,0.001,36181,1.1331914540781074
human,23,0,stratified,0.05,36181,0.9076587159006108
human,23,0,stratified,0.01,36181,0.9037892816671734
human,23,0,stratified,0.005,36181,0.9728863215499848
human,23,0,stratified,0.001,36181,1.713606589093723
human,23,1,global,0.05,31213,0.8028705987889662
human,23,1,global,0.01,31213,0.4901803735622977
human,23,1,global,0.005,31213,0.4485310607759588
human,23,1,global,0.001,31213,1.2494793835901707
human,23,1,stratified,0.05,31213,1.526927882613014
human,23,1,stratified,0.01,31213,1.4224842213180404
human,23,1,stratified,0.005,31213,1.2238490372601158
human,23,1,stratified,0.001,31213,1.2494793835901707
human,23,2,global,0.05,27090,0.5101513473606497
human,23,2,global,0.01,27090,0.21410114433370245
human,23,2,global,0.005,27090,0.24363233665559247
human,23,2,global,0.001,27090,0.0
human,23,2,stratified,0.05,27090,0.8335179032853451
human,23,2,stratified,0.01,27090,0.8527131782945736
human,23,2,stratified,0.005,27090,1.0335917312661498
human,23,2,stratified,0.001,27090,1.5503875968992247
human,23,3,global,0.05,25852,0.2808293362215689
human,23,3,global,0.01,25852,0.21661766981278044
human,23,3,global,0.005,25852,0.3326628500696271
human,23,3,global,0.001,25852,0.9283614420547733
human,23,3,stratified,0.05,25852,0.7674454587652793
human,23,3,stratified,0.01,25852,0.7581618443447316
human,23,3,stratified,0.005,25852,0.8277889524988394
human,23,3,stratified,0.001,25852,1.0830883490639023
human,23,4,global,0.05,26511,0.44283504960205194
human,23,4,global,0.01,26511,0.2942174946248727
human,23,4,global,0.005,26511,0.42246614612802236
human,23,4,global,0.001,26511,0.9430047904643356
human,23,4,stratified,0.05,26511,0.8049488891403568
human,23,4,stratified,0.01,26511,0.8562483497416167
human,23,4,stratified,0.005,26511,1.0863415186149146
human,23,4,stratified,0.001,26511,2.2254913054958316
human,23,5,global,0.05,31475,0.5667990468625893
human,23,5,global,0.01,31475,0.25099285146942013
human,23,5,global,0.005,31475,0.29864972200158857
human,23,5,global,0.001,31475,0.5083399523431295
human,23,5,stratified,0.05,31475,0.9791898332009531
human,23,5,stratified,0.01,31475,0.8673550436854647
human,23,5,stratified,0.005,31475,0.7307386814932486
human,23,5,stratified,0.001,31475,0.5401111993645751
human,23,6,global,0.05,36050,0.7628294036061025
human,23,6,global,0.01,36050,0.4022191400832178
human,23,6,global,0.005,36050,0.4216366158113731
human,23,6,global,0.001,36050,0.8876560332871013
human,23,6,stratified,0.05,36050,1.0307905686546464
human,23,6,stratified,0.01,36050,1.1400832177531206
human,23,6,stratified,0.005,36050,1.2094313453536754
human,23,6,stratified,0.001,36050,2.0804438280166435
machine,0,0,global,0.05,129100,1.0604182804027884
machine,0,0,global,0.01,129100,0.9054996127033307
machine,0,0,global,0.005,129100,0.6444616576297444
machine,0,0,global,0.001,129100,0.12393493415956623
machine,0,0,stratified,0.05,129100,0.9592563903950425
machine,0,0,stratified,0.01,129100,0.8466305189775367
machine,0,0,stratified,0.005,129100,0.8597986057319907
machine,0,0,stratified,0.001,129100,0.8443067389620449
machine,0,1,global,0.05,130739,1.1072442041013009
machine,0,1,global,0.01,130739,0.9813445108192659
machine,0,1,global,0.005,130739,0.7358171624381401
machine,0,1,global,0.001,130739,0.25241129272826013
machine,0,1,stratified,0.05,130739,0.8946068120453728
machine,0,1,stratified,0.01,130739,0.17133372597312202
machine,0,1,stratified,0.005,130739,0.09178592462845822
machine,0,1,stratified,0.001,130739,0.0
machine,0,2,global,0.05,120419,1.1290577068402825
machine,0,2,global,0.01,120419,0.9940291814414668
machine,0,2,global,0.005,120419,0.7706425065811874
machine,0,2,global,0.001,120419,0.6145209642996537
machine,0,2,stratified,0.05,120419,1.4109069166825832
machine,0,2,stratified,0.01,120419,1.8252933507170794
machine,0,2,stratified,0.005,120419,1.8385802904857207
machine,0,2,stratified,0.001,120419,1.9432149411637698
machine,0,3,global,0.05,111692,0.8935286323102818
machine,0,3,global,0.01,111692,0.6804426458475091
machine,0,3,global,0.005,111692,0.4315438885506571
machine,0,3,global,0.001,111692,0.08953192708519858
machine,0,3,stratified,0.05,111692,0.9198510188733302
machine,0,3,stratified,0.01,111692,0.8604018192887584
machine,0,3,stratified,0.005,111692,0.8129498979336031
machine,0,3,stratified,0.001,111692,0.8326469218923468
machine,0,4,global,0.05,108981,0.7135188702617887
machine,0,4,global,0.01,108981,0.3385911305640433
machine,0,4,global,0.005,108981,0.22756260265550876
machine,0,4,global,0.001,108981,0.03670364558959819
machine,0,4,stratified,0.05,108981,0.851524577678678
machine,0,4,stratified,0.01,108981,0.6432313889577083
machine,0,4,stratified,0.005,108981,0.6037749699488901
machine,0,4,stratified,0.001,108981,0.7065451775997651
machine,0,5,global,0.05,109755,0.8327638831943874
machine,0,5,global,0.01,109755,0.5248052480524805
machine,0,5,global,0.005,109755,0.29338071158489365
machine,0,5,global,0.001,109755,0.07288961778506674
machine,0,5,stratified,0.05,109755,0.8444262220399981
machine,0,5,stratified,0.01,109755,0.7206960958498474
machine,0,5,stratified,0.005,109755,0.6359619151747072
machine,0,5,stratified,0.001,109755,0.5922281445036672
machine,0,6,global,0.05,118509,0.972921887789113
machine,0,6,global,0.01,118509,0.7560607211266654
machine,0,6,global,0.005,118509,0.5569197276156241
machine,0,6,global,0.001,118509,0.1772017315140622
machine,0,6,stratified,0.05,118509,0.9673526905129568
machine,0,6,stratified,0.01,118509,0.9585769857141652
machine,0,6,stratified,0.005,118509,0.9653275278670819
machine,0,6,stratified,0.001,118509,1.0210195006286442
machine,1,0,global,0.05,122858,1.0175975516449884
machine,1,0,global,0.01,122858,0.7398785589867978
machine,1,0,global,0.005,122858,0.511159224470527
machine,1,0,global,0.001,122858,0.1709290400299533
machine,1,0,stratified,0.05,122858,0.9545979911768057
machine,1,0,stratified,0.01,122858,0.8172036009051099
machine,1,0,stratified,0.005,122858,0.786273584137785
machine,1,0,stratified,0.001,122858,0.773250419183122
machine,1,1,global,0.05,121814,1.1428899798052767
machine,1,1,global,0.01,121814,1.019587239561955
machine,1,1,global,0.005,121814,0.7322639433891014
machine,1,1,global,0.001,121814,0.22985863693828296
machine,1,1,stratified,0.05,121814,1.3120002626955851
machine,1,1,stratified,0.01,121814,1.1911602935623162
machine,1,1,stratified,0.005,121814,0.9966013758681268
machine,1,1,stratified,0.001,121814,0.7470405700494196
machine,1,2,global,0.05,113982,1.1310557807373094
machine,1,2,global,0.01,113982,1.1282483199101614
machine,1,2,global,0.005,113982,1.2387920899791194
machine,1,2,global,0.001,113982,2.026635784597568
machine,1,2,stratified,0.05,113982,1.4774262602867119
machine,1,2,stratified,0.01,113982,2.3214191714481234
machine,1,2,stratified,0.005,113982,2.577599971925392
machine,1,2,stratified,0.001,113982,4.570897159200575
machine,1,3,global,0.05,104723,0.8376383411475988
machine,1,3,global,0.01,104723,0.6436026469829932
machine,1,3,global,0.005,104723,0.37623062746483577
machine,1,3,global,0.001,104723,0.06684300487953936
machine,1,3,stratified,0.05,104723,0.9048633060550213
machine,1,3,stratified,0.01,104723,0.9233883674073509
machine,1,3,stratified,0.005,104723,0.9300726678953047
machine,1,3,stratified,0.001,104723,0.6875280501895477
machine,1,4,global,0.05,102865,0.6575608807660525
machine,1,4,global,0.01,102865,0.2974772760414135
machine,1,4,global,0.005,102865,0.19248529626209107
machine,1,4,global,0.001,102865,0.03888591843678608
machine,1,4,stratified,0.05,102865,0.7882175667136538
machine,1,4,stratified,0.01,102865,0.61439751130122
machine,1,4,stratified,0.005,102865,0.5638458173333981
machine,1,4,stratified,0.001,102865,0.47635250085062947
machine,1,5,global,0.05,102738,0.8333820008176137
machine,1,5,global,0.01,102738,0.37279292958788374
machine,1,5,global,0.005,102738,0.20829683272012303
machine,1,5,global,0.001,102738,0.0681344779925636
machine,1,5,stratified,0.05,102738,0.8773774066070977
machine,1,5,stratified,0.01,102738,0.6054235044482081
machine,1,5,stratified,0.005,102738,0.5587027195390216
machine,1,5,stratified,0.001,102738,0.6132103019330725
machine,1,6,global,0.05,110556,0.9231520677303809
machine,1,6,global,0.01,110556,0.6458265494410073
machine,1,6,global,0.005,110556,0.4468323745432179
machine,1,6,global,0.001,110556,0.189948985129708
machine,1,6,stratified,0.05,110556,0.9689207279568725
machine,1,6,stratified,0.01,110556,1.0202974058395744
machine,1,6,stratified,0.005,110556,1.132457758963783
machine,1,6,stratified,0.001,110556,1.4200947935887696
machine,2,0,global,0.05,121468,1.0275957453814994
machine,2,0,global,0.01,121468,0.7549313399413837
machine,2,0,global,0.005,121468,0.4346823854842427
machine,2,0,global,0.001,121468,0.10702407218362038
machine,2,0,stratified,0.05,121468,0.9643692165837916
machine,2,0,stratified,0.01,121468,0.834787763032239
machine,2,0,stratified,0.005,121468,0.8380808114071195
machine,2,0,stratified,0.001,121468,0.7327032634109395
machine,2,1,global,0.05,120881,1.1182898884026438
machine,2,1,global,0.01,120881,0.9323218702691076
machine,2,1,global,0.005,120881,0.7064799265393238
machine,2,1,global,0.001,120881,0.3805395388853501
machine,2,1,stratified,0.05,120881,1.209288473788271
machine,2,1,stratified,0.01,120881,0.9215674919962608
machine,2,1,stratified,0.005,120881,0.6402991371679586
machine,2,1,stratified,0.001,120881,0.570809308328025
machine,2,2,global,0.05,112721,1.0557039061044526
machine,2,2,global,0.01,112721,0.9430363463773387
machine,2,2,global,0.005,112721,0.6334223436626716
machine,2,2,global,0.001,112721,0.3105011488542508
machine,2,2,stratified,0.05,112721,1.3591078858420347
machine,2,2,stratified,0.01,112721,1.9739001605734514
machine,2,2,stratified,0.005,112721,1.9676901375963662
machine,2,2,stratified,0.001,112721,1.5879915898545967
machine,2,3,global,0.05,102271,0.8635879183737325
machine,2,3,global,0.01,102271,0.5534315690664998
machine,2,3,global,0.005,102271,0.29138269890780377
machine,2,3,global,0.001,102271,0.03911177166547702
machine,2,3,stratified,0.05,102271,0.9451359622962521
machine,2,3,stratified,0.01,102271,0.851658828015762
machine,2,3,stratified,0.005,102271,0.8663257423903159
machine,2,3,stratified,0.001,102271,0.6257883466476323
machine,2,4,global,0.05,102897,0.6643536740624119
machine,2,4,global,0.01,102897,0.26045462938666825
machine,2,4,global,0.005,102897,0.11856516710885642
machine,2,4,global,0.001,102897,0.0
machine,2,4,stratified,0.05,102897,0.8202377134415969
machine,2,4,stratified,0.01,102897,0.6404462715142327
machine,2,4,stratified,0.005,102897,0.5578393927908492
machine,2,4,stratified,0.001,102897,0.427612078097515
machine,2,5,global,0.05,102316,0.8211814378982759
machine,2,5,global,0.01,102316,0.3958325188631299
machine,2,5,global,0.005,102316,0.19742757730951171
machine,2,5,global,0.001,102316,0.06841549708745455
machine,2,5,stratified,0.05,102316,0.8780640369052739
machine,2,5,stratified,0.01,102316,0.6313773016927948
machine,2,5,stratified,0.005,102316,0.598146917393174
machine,2,5,stratified,0.001,102316,0.4691348371711169
machine,2,6,global,0.05,110447,0.9222523020091085
machine,2,6,global,0.01,110447,0.5984770976124294
machine,2,6,global,0.005,110447,0.3132724293099858
machine,2,6,global,0.001,110447,0.036216465816183326
machine,2,6,stratified,0.05,110447,0.9773013300497071
machine,2,6,stratified,0.01,110447,1.012250219562324
machine,2,6,stratified,0.005,110447,1.0520883319601257
machine,2,6,stratified,0.001,110447,0.8691951795883998
machine,3,0,global,0.05,118375,1.034340021119324
machine,3,0,global,0.01,118375,0.8278775079197465
machine,3,0,global,0.005,118375,0.638648363252376
machine,3,0,global,0.001,118375,0.8278775079197466
machine,3,0,stratified,0.05,118375,0.9738542766631467
machine,3,0,stratified,0.01,118375,1.0137275607180571
machine,3,0,stratified,0.005,118375,1.0593453009503695
machine,3,0,stratified,0.001,118375,1.4023231256599789
machine,3,1,global,0.05,120037,1.0854986379199745
machine,3,1,global,0.01,120037,0.8905587443871473
machine,3,1,global,0.005,120037,0.7431042095353932
machine,3,1,global,0.001,120037,0.8164149387272257
machine,3,1,stratified,0.05,120037,1.289602372601781
machine,3,1,stratified,0.01,120037,1.4178961486874881
machine,3,1,stratified,0.005,120037,1.4578838191557604
machine,3,1,stratified,0.001,120037,1.7661221123486925
machine,3,2,global,0.05,113056,1.0925559015001414
machine,3,2,global,0.01,113056,1.0118879139541466
machine,3,2,global,0.005,113056,0.7253042739881121
machine,3,2,global,0.001,113056,0.4511038777243136
machine,3,2,stratified,0.05,113056,1.4352179450891593
machine,3,2,stratified,0.01,113056,2.169721200113218
machine,3,2,stratified,0.005,113056,2.303283328615907
machine,3,2,stratified,0.001,113056,1.3975375035380697
machine,3,3,global,0.05,101475,0.8612958856861295
machine,3,3,global,0.01,101475,0.4651391968465139
machine,3,3,global,0.005,101475,0.2798718896279872
machine,3,3,global,0.001,101475,0.5124414880512441
machine,3,3,stratified,0.05,101475,0.9856614929785662
machine,3,3,stratified,0.01,101475,0.856368563685637
machine,3,3,stratified,0.005,101475,0.7233308696723331
machine,3,3,stratified,0.001,101475,0.6898250800689825
machine,3,4,global,0.05,100841,0.6669906089784908
machine,3,4,global,0.01,100841,0.31832290437421285
machine,3,4,global,0.005,100841,0.22808183179460734
machine,3,4,global,0.001,100841,0.41649725805971777
machine,3,4,stratified,0.05,100841,0.8442994416953421
machine,3,4,stratified,0.01,100841,0.6832538352455847
machine,3,4,stratified,0.005,100841,0.620779246536627
machine,3,4,stratified,0.001,100841,0.6346624884719508
machine,3,5,global,0.05,102324,0.8185762870880732
machine,3,5,global,0.01,102324,0.4622571439740432
machine,3,5,global,0.005,102324,0.29514092490520305
machine,3,5,global,0.001,102324,0.4300066455572495
machine,3,5,stratified,0.05,102324,0.9010593800086001
machine,3,5,stratified,0.01,102324,0.7642390836949299
machine,3,5,stratified,0.005,102324,0.7622845080333059
machine,3,5,stratified,0.001,102324,0.8306946561901412
machine,3,6,global,0.05,108697,0.9417003229159957
machine,3,6,global,0.01,108697,0.6642317635261322
machine,3,6,global,0.005,108697,0.4195147980165046
machine,3,6,global,0.001,108697,0.432394638306485
machine,3,6,stratified,0.05,108697,0.9716919510198072
machine,3,6,stratified,0.01,108697,0.9319484438392963
machine,3,6,stratified,0.005,108697,0.9531081814585498
machine,3,6,stratified,0.001,108697,0.9107887062200428
machine,4,0,global,0.05,118849,1.0557934858517952
machine,4,0,global,0.01,118849,0.8220515107405195
machine,4,0,global,0.005,118849,0.5233531624161751
machine,4,0,global,0.001,118849,0.2019369115432187
machine,4,0,stratified,0.05,118849,0.9864618128886233
machine,4,0,stratified,0.01,118849,0.9642487526188693
machine,4,0,stratified,0.005,118849,0.9524690994455148
machine,4,0,stratified,0.001,118849,0.8918880259825492
machine,4,1,global,0.05,119566,1.0755565963568237
machine,4,1,global,0.01,119566,0.8915578007125771
machine,4,1,global,0.005,119566,0.5419600889885084
machine,4,1,global,0.001,119566,0.15890805078366757
machine,4,1,stratified,0.05,119566,1.255540872823378
machine,4,1,stratified,0.01,119566,1.5606443303280197
machine,4,1,stratified,0.005,119566,1.605807671077062
machine,4,1,stratified,0.001,119566,1.4887175283943597
machine,4,2,global,0.05,112240,1.07679971489665
machine,4,2,global,0.01,112240,1.1546685673556665
machine,4,2,global,0.005,112240,0.8428367783321453
machine,4,2,global,0.001,112240,0.15146115466856735
machine,4,2,stratified,0.05,112240,1.3711689237348539
machine,4,2,stratified,0.01,112240,2.1792587312900924
machine,4,2,stratified,0.005,112240,2.36992159657876
machine,4,2,stratified,0.001,112240,0.9711332858161082
machine,4,3,global,0.05,101444,0.8010330822917078
machine,4,3,global,0.01,101444,0.3952919837545838
machine,4,3,global,0.005,101444,0.18335239146721344
machine,4,3,global,0.001,101444,0.03943062182090611
machine,4,3,stratified,0.05,101444,0.8501242064587358
machine,4,3,stratified,0.01,101444,0.6407476045897244
machine,4,3,stratified,0.005,101444,0.5263988013090967
machine,4,3,stratified,0.001,101444,0.32530263002247545
machine,4,4,global,0.05,101909,0.7059239125101807
machine,4,4,global,0.01,101909,0.2894739424388425
machine,4,4,global,0.005,101909,0.12756478819338823
machine,4,4,global,0.001,101909,0.039250704059504066
machine,4,4,stratified,0.05,101909,0.8676368132353374
machine,4,4,stratified,0.01,101909,0.6407677437714039
machine,4,4,stratified,0.005,101909,0.5377346456152057
machine,4,4,stratified,0.001,101909,0.4121323926247927
machine,4,5,global,0.05,104531,0.8074159818618399
machine,4,5,global,0.01,104531,0.4467574212434589
machine,4,5,global,0.005,104531,0.21046388152796777
machine,4,5,global,0.001,104531,0.01913308013890616
machine,4,5,stratified,0.05,104531,0.8741904315466226
machine,4,5,stratified,0.01,104531,0.7586266275076292
machine,4,5,stratified,0.005,104531,0.6562646487644813
machine,4,5,stratified,0.001,104531,0.42092776305593554
machine,4,6,global,0.05,110607,0.9578055638431563
machine,4,6,global,0.01,110607,0.6672272098510944
machine,4,6,global,0.005,110607,0.4158868787689748
machine,4,6,global,0.001,110607,0.24410751579918086
machine,4,6,stratified,0.05,110607,0.9887258491777192
machine,4,6,stratified,0.01,110607,0.921279846664316
machine,4,6,stratified,0.005,110607,1.0306761778187636
machine,4,6,stratified,0.001,110607,1.1843735025812108
machine,5,0,global,0.05,120107,0.9797930178923793
machine,5,0,global,0.01,120107,0.740173345433655
machine,5,0,global,0.005,120107,0.5295278376780703
machine,5,0,global,0.001,120107,0.41629546987269683
machine,5,0,stratified,0.05,120107,0.913851815464544
machine,5,0,stratified,0.01,120107,0.8492427585403016
machine,5,0,stratified,0.005,120107,0.8708901229736817
machine,5,0,stratified,0.001,120107,0.7410059363734003
machine,5,1,global,0.05,123838,1.1552189150341574
machine,5,1,global,0.01,123838,1.27343787851871
machine,5,1,global,0.005,123838,1.4195965697120432
machine,5,1,global,0.001,123838,2.5517207965244917
machine,5,1,stratified,0.05,123838,1.3729226893199178
machine,5,1,stratified,0.01,123838,2.0211889726901275
machine,5,1,stratified,0.005,123838,2.506500427978488
machine,5,1,stratified,0.001,123838,4.828889355448246
machine,5,2,global,0.05,110523,1.0899088877428227
machine,5,2,global,0.01,110523,0.9726482270658596
machine,5,2,global,0.005,110523,0.6912588330030853
machine,5,2,global,0.001,110523,0.470490305185346
machine,5,2,stratified,0.05,110523,1.4035087719298245
machine,5,2,stratified,0.01,110523,2.051156772798422
machine,5,2,stratified,0.005,110523,2.1714937162400587
machine,5,2,stratified,0.001,110523,0.9319327198863585
machine,5,3,global,0.05,104501,0.8237241748882785
machine,5,3,global,0.01,104501,0.412436244629238
machine,5,3,global,0.005,104501,0.23923216045779463
machine,5,3,global,0.001,104501,0.2009550147845475
machine,5,3,stratified,0.05,104501,0.9096563669247184
machine,5,3,stratified,0.01,104501,0.7042994803877475
machine,5,3,stratified,0.005,104501,0.6660223347145003
machine,5,3,stratified,0.001,104501,0.5932957579353307
machine,5,4,global,0.05,101513,0.6931131973244805
machine,5,4,global,0.01,101513,0.318185848117975
machine,5,4,global,0.005,101513,0.1674662358515658
machine,5,4,global,0.001,101513,0.18716814595175002
machine,5,4,stratified,0.05,101513,0.8700363500241348
machine,5,4,stratified,0.01,101513,0.6097741176007013
machine,5,4,stratified,0.005,101513,0.5792361569454159
machine,5,4,stratified,0.001,101513,0.5221006176548816
machine,5,5,global,0.05,103573,0.8135324843347204
machine,5,5,global,0.01,103573,0.5271644154364554
machine,5,5,global,0.005,103573,0.293512788081836
machine,5,5,global,0.001,103573,0.3572359591785504
machine,5,5,stratified,0.05,103573,0.9361513135662769
machine,5,5,stratified,0.01,103573,0.8361252449962828
machine,5,5,stratified,0.005,103573,0.7878501153775598
machine,5,5,stratified,0.001,103573,0.5696465295009318
machine,5,6,global,0.05,111174,0.930793171065177
machine,5,6,global,0.01,111174,0.6476334394732581
machine,5,6,global,0.005,111174,0.5324986057891233
machine,5,6,global,0.001,111174,0.6746181661179772
machine,5,6,stratified,0.05,111174,1.0004137658085523
machine,5,6,stratified,0.01,111174,0.9480633961177972
machine,5,6,stratified,0.005,111174,1.0344145213808984
machine,5,6,stratified,0.001,111174,1.4301905121701117
machine,6,0,global,0.05,124483,0.9919426749034005
machine,6,0,global,0.01,124483,0.9808568238233333
machine,6,0,global,0.005,124483,1.0137930480467212
machine,6,0,global,0.001,124483,1.036286079223669
machine,6,0,stratified,0.05,124483,0.8706409710562888
machine,6,0,stratified,0.01,124483,0.8852614413213049
machine,6,0,stratified,0.005,124483,0.8852614413213049
machine,6,0,stratified,0.001,124483,0.9318541487592683
machine,6,1,global,0.05,129163,1.2940238303538938
machine,6,1,global,0.01,129163,2.0694781013138437
machine,6,1,global,0.005,129163,2.914147240308757
machine,6,1,global,0.001,129163,5.326602819692946
machine,6,1,stratified,0.05,129163,1.3706711674395917
machine,6,1,stratified,0.01,129163,2.173997197339795
machine,6,1,stratified,0.005,129163,2.9807297755549187
machine,6,1,stratified,0.001,129163,5.349829285476491
machine,6,2,global,0.05,112763,1.0961042185823362
machine,6,2,global,0.01,112763,1.067726115835868
machine,6,2,global,0.005,112763,0.9737236504881921
machine,6,2,global,0.001,112763,0.8779475537188617
machine,6,2,stratified,0.05,112763,1.3743869886398907
machine,6,2,stratified,0.01,112763,1.8108776815090055
machine,6,2,stratified,0.005,112763,1.706233427631404
machine,6,2,stratified,0.001,112763,1.5253230226226688
machine,6,3,global,0.05,103981,0.838614746924919
machine,6,3,global,0.01,103981,0.3962262336388378
machine,6,3,global,0.005,103981,0.21542397168713515
machine,6,3,global,0.001,103981,0.09617141593175677
machine,6,3,stratified,0.05,103981,0.8993950817937892
machine,6,3,stratified,0.01,103981,0.6712764832036622
machine,6,3,stratified,0.005,103981,0.6366547734682297
machine,6,3,stratified,0.001,103981,0.5097085044383108
machine,6,4,global,0.05,102196,0.7468002661552311
machine,6,4,global,0.01,102196,0.33073701514736387
machine,6,4,global,0.005,102196,0.15851892441974244
machine,6,4,global,0.001,102196,0.058710712748052764
machine,6,4,stratified,0.05,102196,0.8882930838780382
machine,6,4,stratified,0.01,102196,0.6839798035148147
machine,6,4,stratified,0.005,102196,0.5597087948647697
machine,6,4,stratified,0.001,102196,0.43054522681905355
machine,6,5,global,0.05,107424,0.8052204349121239
machine,6,5,global,0.01,107424,0.7521596663687816
machine,6,5,global,0.005,107424,0.8266309204647005
machine,6,5,global,0.001,107424,1.1077599046767947
machine,6,5,stratified,0.05,107424,0.8385463211200476
machine,6,5,stratified,0.01,107424,0.4728924635090855
machine,6,5,stratified,0.005,107424,0.35932380101280903
machine,6,5,stratified,0.001,107424,0.18617813523979745
machine,6,6,global,0.05,115987,1.0890875701587246
machine,6,6,global,0.01,115987,1.2328967901575176
machine,6,6,global,0.005,115987,1.5846603498667955
machine,6,6,global,0.001,115987,2.5347668273168544
machine,6,6,stratified,0.05,115987,0.9740746807831913
machine,6,6,stratified,0.01,115987,1.135472078767448
machine,6,6,stratified,0.005,115987,1.4105029011872021
machine,6,6,stratified,0.001,115987,1.8967642925500272
machine,7,0,global,0.05,138142,1.082654080583747
machine,7,0,global,0.01,138142,1.4369272198172895
machine,7,0,global,0.005,138142,1.8010453012117966
machine,7,0,global,0.001,138142,2.4105630438244705
machine,7,0,stratified,0.05,138142,0.928175355793314
machine,7,0,stratified,0.01,138142,0.9606057535000218
machine,7,0,stratified,0.005,138142,0.9280305772321233
machine,7,0,stratified,0.001,138142,1.0713613528108759
machine,7,1,global,0.05,139066,1.4928163605769922
machine,7,1,global,0.01,139066,3.3322307393611665
machine,7,1,global,0.005,139066,5.339910546071649
machine,7,1,global,0.001,139066,11.39027512116549
machine,7,1,stratified,0.05,139066,1.4679360879007088
machine,7,1,stratified,0.01,139066,2.933858743330505
machine,7,1,stratified,0.005,139066,4.081515251750967
machine,7,1,stratified,0.001,139066,6.788143759078423
machine,7,2,global,0.05,120115,1.19119177454939
machine,7,2,global,0.01,120115,1.3445448112225782
machine,7,2,global,0.005,120115,1.428630895391916
machine,7,2,global,0.001,120115,1.7483245223327644
machine,7,2,stratified,0.05,120115,1.3773467094034881
machine,7,2,stratified,0.01,120115,1.084793739333139
machine,7,2,stratified,0.005,120115,1.0922865587145651
machine,7,2,stratified,0.001,120115,1.7483245223327644
machine,7,3,global,0.05,103609,0.923278865735602
machine,7,3,global,0.01,103609,0.5906822766361995
machine,7,3,global,0.005,103609,0.3493904969645494
machine,7,3,global,0.001,103609,0.08686504068179404
machine,7,3,stratified,0.05,103609,0.8875676823441978
machine,7,3,stratified,0.01,103609,0.6794776515553668
machine,7,3,stratified,0.005,103609,0.5868216081614531
machine,7,3,stratified,0.001,103609,0.49223523053016627
machine,7,4,global,0.05,102726,0.7339913945836497
machine,7,4,global,0.01,102726,0.3718630142320347
machine,7,4,global,0.005,102726,0.16938262951930377
machine,7,4,global,0.001,102726,0.03893853552167903
machine,7,4,stratified,0.05,102726,0.8132313143702665
machine,7,4,stratified,0.01,102726,0.6755835913011311
machine,7,4,stratified,0.005,102726,0.642485836107704
machine,7,4,stratified,0.001,102726,0.43805852461888906
machine,7,5,global,0.05,115766,0.9493288184786552
machine,7,5,global,0.01,115766,1.2991724686004527
machine,7,5,global,0.005,115766,1.8260974724876045
machine,7,5,global,0.001,115766,2.461862723079315
machine,7,5,stratified,0.05,115766,0.7252561201043484
machine,7,5,stratified,0.01,115766,0.4059913964376415
machine,7,5,stratified,0.005,115766,0.2677815593524869
machine,7,5,stratified,0.001,115766,0.15548606672079884
machine,7,6,global,0.05,131683,1.1296826469627819
machine,7,6,global,0.01,131683,1.8225587205637783
machine,7,6,global,0.005,131683,2.6821989170963603
machine,7,6,global,0.001,131683,4.920908545522201
machine,7,6,stratified,0.05,131683,0.963374163711337
machine,7,6,stratified,0.01,131683,1.2621219139904163
machine,7,6,stratified,0.005,131683,1.4701973679214475
machine,7,6,stratified,0.001,131683,1.2681971097256288
machine,8,0,global,0.05,147656,1.1373733542829279
machine,8,0,global,0.01,147656,1.5326163515197486
machine,8,0,global,0.005,147656,1.8990085062577884
machine,8,0,global,0.001,147656,2.736089288616785
machine,8,0,stratified,0.05,147656,0.7051525166603456
machine,8,0,stratified,0.01,147656,0.5092918675841144
machine,8,0,stratified,0.005,147656,0.5756623503277889
machine,8,0,stratified,0.001,147656,0.6637048274367449
machine,8,1,global,0.05,146591,1.3857603809237946
machine,8,1,global,0.01,146591,2.5356263344952965
machine,8,1,global,0.005,146591,3.8897340218703738
machine,8,1,global,0.001,146591,8.240615044579817
machine,8,1,stratified,0.05,146591,1.2805697484838767
machine,8,1,stratified,0.01,146591,1.9380453097393429
machine,8,1,stratified,0.005,146591,2.7600603038385714
machine,8,1,stratified,0.001,146591,3.7110054505392553
machine,8,2,global,0.05,126105,1.1663296459299788
machine,8,2,global,0.01,126105,1.3116054081915862
machine,8,2,global,0.005,126105,1.3750446056857382
machine,8,2,global,0.001,126105,1.5780500376670235
machine,8,2,stratified,0.05,126105,1.1008286745172673
machine,8,2,stratified,0.01,126105,0.6217041354426867
machine,8,2,stratified,0.005,126105,0.7771301693033583
machine,8,2,stratified,0.001,126105,1.0943261567741167
machine,8,3,global,0.05,103971,0.8654336305315905
machine,8,3,global,0.01,103971,0.5809312212059132
machine,8,3,global,0.005,103971,0.35394485000625175
machine,8,3,global,0.001,103971,0.14427099864385262
machine,8,3,stratified,0.05,103971,0.8602398745804118
machine,8,3,stratified,0.01,103971,0.7088515066701291
machine,8,3,stratified,0.005,103971,0.7213549932192631
machine,8,3,stratified,0.001,103971,0.5674659279991536
machine,8,4,global,0.05,102785,0.7396020820158583
machine,8,4,global,0.01,102785,0.40472831638857815
machine,8,4,global,0.005,102785,0.1906893029138493
machine,8,4,global,0.001,102785,0.048645230335165636
machine,8,4,stratified,0.05,102785,0.7944739018339251
machine,8,4,stratified,0.01,102785,0.6576835141314393
machine,8,4,stratified,0.005,102785,0.6693583694118791
machine,8,4,stratified,0.001,102785,0.6032008561560538
machine,8,5,global,0.05,121481,0.9906075847251834
machine,8,5,global,0.01,121481,1.1475045480363184
machine,8,5,global,0.005,121481,1.4734814497740387
machine,8,5,global,0.001,121481,2.0497032457750595
machine,8,5,stratified,0.05,121481,0.8106617495740074
machine,8,5,stratified,0.01,121481,0.5078983544751854
machine,8,5,stratified,0.005,121481,0.41817238909788357
machine,8,5,stratified,0.001,121481,0.24695219828615175
machine,8,6,global,0.05,144157,1.05829061370589
machine,8,6,global,0.01,144157,1.336043341634468
machine,8,6,global,0.005,144157,1.8701832030355792
machine,8,6,global,0.001,144157,2.9273639157307656
machine,8,6,stratified,0.05,144157,0.9037368979654127
machine,8,6,stratified,0.01,144157,1.0002982858966267
machine,8,6,stratified,0.005,144157,1.1307116546543006
machine,8,6,stratified,0.001,144157,0.7422463009080378
machine,9,0,global,0.05,152300,1.7776756401838474
machine,9,0,global,0.01,152300,4.124753775443205
machine,9,0,global,0.005,152300,6.546290216677609
machine,9,0,global,0.001,152300,14.011818778726198
machine,9,0,stratified,0.05,152300,1.080236375574524
machine,9,0,stratified,0.01,152300,1.97833223900197
machine,9,0,stratified,0.005,152300,2.882468811556139
machine,9,0,stratified,0.001,152300,4.747209455022981
machine,9,1,global,0.05,148635,1.251925858647021
machine,9,1,global,0.01,148635,1.5521243314158846
machine,9,1,global,0.005,148635,1.9161032058398089
machine,9,1,global,0.001,148635,3.3370336730918018
machine,9,1,stratified,0.05,148635,1.2380664042789382
machine,9,1,stratified,0.01,148635,1.0421502337941937
machine,9,1,stratified,0.005,148635,1.2782991892891984
machine,9,1,stratified,0.001,148635,1.8905372220540249
machine,9,2,global,0.05,124935,1.2164725657341817
machine,9,2,global,0.01,124935,1.3583063192860287
machine,9,2,global,0.005,124935,1.391123384159763
machine,9,2,global,0.001,124935,1.4007283787569538
machine,9,2,stratified,0.05,124935,1.2721815343978866
machine,9,2,stratified,0.01,124935,1.085364389482531
machine,9,2,stratified,0.005,124935,1.179813503021571
machine,9,2,stratified,0.001,124935,1.6408532436867171
machine,9,3,global,0.05,104205,0.775010796027062
machine,9,3,global,0.01,104205,0.4606304879804232
machine,9,3,global,0.005,104205,0.3070869919869488
machine,9,3,global,0.001,104205,0.14394702749388225
machine,9,3,stratified,0.05,104205,0.8680965404731058
machine,9,3,stratified,0.01,104205,0.7686771268173311
machine,9,3,stratified,0.005,104205,0.6967036130703901
machine,9,3,stratified,0.001,104205,0.6525598579722661
machine,9,4,global,0.05,102876,0.7706364944204672
machine,9,4,global,0.01,102876,0.4335316303122206
machine,9,4,global,0.005,102876,0.22162603522687507
machine,9,4,global,0.001,102876,0.06804308099070726
machine,9,4,stratified,0.05,102876,0.8423733426649558
machine,9,4,stratified,0.01,102876,0.7232007465298028
machine,9,4,stratified,0.005,102876,0.6882071620202963
machine,9,4,stratified,0.001,102876,0.6415490493409541
machine,9,5,global,0.05,124056,0.9340942800025794
machine,9,5,global,0.01,124056,0.8681563165022247
machine,9,5,global,0.005,124056,0.939898110530728
machine,9,5,global,0.001,124056,1.072096472560779
machine,9,5,stratified,0.05,124056,0.8247888050557812
machine,9,5,stratified,0.01,124056,0.6126265557490166
machine,9,5,stratified,0.005,124056,0.5610369510543625
machine,9,5,stratified,0.001,124056,0.3385567808086671
machine,9,6,global,0.05,146699,1.04063422381884
machine,9,6,global,0.01,146699,1.1213437037743952
machine,9,6,global,0.005,146699,1.2978956911771722
machine,9,6,global,0.001,146699,1.8814034178828758
machine,9,6,stratified,0.05,146699,0.9074363151759726
machine,9,6,stratified,0.01,146699,0.7743747401141112
machine,9,6,stratified,0.005,146699,0.7525613671531504
machine,9,6,stratified,0.001,146699,0.8861682765390357
machine,10,0,global,0.05,154250,1.9656401944894653
machine,10,0,global,0.01,154250,4.8285251215559155
machine,10,0,global,0.005,154250,7.735494327390599
machine,10,0,global,0.001,154250,14.33387358184765
machine,10,0,stratified,0.05,154250,1.6807779578606157
machine,10,0,stratified,0.01,154250,3.372447325769854
machine,10,0,stratified,0.005,154250,4.564019448946515
machine,10,0,stratified,0.001,154250,6.113452188006483
machine,10,1,global,0.05,148485,1.2236926288850725
machine,10,1,global,0.01,148485,1.3765700239081389
machine,10,1,global,0.005,148485,1.6217126309054786
machine,10,1,global,0.001,148485,3.26632319762939
machine,10,1,stratified,0.05,148485,1.3501700508468868
machine,10,1,stratified,0.01,148485,1.2971007172441662
machine,10,1,stratified,0.005,148485,1.406202646731993
machine,10,1,stratified,0.001,148485,2.020406101626427
machine,10,2,global,0.05,128342,1.1330663383771484
machine,10,2,global,0.01,128342,1.0651228748188433
machine,10,2,global,0.005,128342,1.036293652896168
machine,10,2,global,0.001,128342,1.1220021505041218
machine,10,2,stratified,0.05,128342,1.2198656714092033
machine,10,2,stratified,0.01,128342,1.4274360692524661
machine,10,2,stratified,0.005,128342,1.4087360334107306
machine,10,2,stratified,0.001,128342,1.386919324928706
machine,10,3,global,0.05,104196,0.7341932511804675
machine,10,3,global,0.01,104196,0.43283811278743906
machine,10,3,global,0.005,104196,0.3109524357940804
machine,10,3,global,0.001,104196,0.22073784022419285
machine,10,3,stratified,0.05,104196,0.8562708741218473
machine,10,3,stratified,0.01,104196,0.7783408192253062
machine,10,3,stratified,0.005,104196,0.7197973050788898
machine,10,3,stratified,0.001,104196,0.7965756842873046
machine,10,4,global,0.05,103613,0.7294451468445079
machine,10,4,global,0.01,103613,0.3928078522965264
machine,10,4,global,0.005,103613,0.252864022854275
machine,10,4,global,0.001,103613,0.19302597164448476
machine,10,4,stratified,0.05,103613,0.7923716136006099
machine,10,4,stratified,0.01,103613,0.6524277841583584
machine,10,4,stratified,0.005,103613,0.6678698618899173
machine,10,4,stratified,0.001,103613,0.6080318106801269
machine,10,5,global,0.05,126570,0.9277079876748043
machine,10,5,global,0.01,126570,0.7584735719364778
machine,10,5,global,0.005,126570,0.8216797029311842
machine,10,5,global,0.001,126570,0.9322904321719206
machine,10,5,stratified,0.05,126570,0.8633957493876906
machine,10,5,stratified,0.01,126570,0.7086987437781465
machine,10,5,stratified,0.005,126570,0.6984277474915067
machine,10,5,stratified,0.001,126570,0.5688551789523584
machine,10,6,global,0.05,147720,0.991876523151909
machine,10,6,global,0.01,147720,0.974817221770918
machine,10,6,global,0.005,147720,1.0926076360682373
machine,10,6,global,0.001,147720,1.5231519090170593
machine,10,6,stratified,0.05,147720,0.6960465746005957
machine,10,6,stratified,0.01,147720,0.3892499323043596
machine,10,6,stratified,0.005,147720,0.4061738424045491
machine,10,6,stratified,0.001,147720,0.5009477389656106
machine,11,0,global,0.05,152629,1.507970307084499
machine,11,0,global,0.01,152629,3.0531550360678508
machine,11,0,global,0.005,152629,4.845737048660477
machine,11,0,global,0.001,152629,12.93332197681961
machine,11,0,stratified,0.05,152629,1.3304155828839865
machine,11,0,stratified,0.01,152629,2.660044945587012
machine,11,0,stratified,0.005,152629,4.021516225618985
machine,11,0,stratified,0.001,152629,9.690163730352685
machine,11,1,global,0.05,147468,1.172457753546532
machine,11,1,global,0.01,147468,1.1568611495375267
machine,11,1,global,0.005,147468,1.3399517183388938
machine,11,1,global,0.001,147468,2.3327094691729733
machine,11,1,stratified,0.05,147468,1.3259825860525671
machine,11,1,stratified,0.01,147468,1.2355222828003363
machine,11,1,stratified,0.005,147468,1.3494453033878537
machine,11,1,stratified,0.001,147468,1.7088453088127593
machine,11,2,global,0.05,127362,1.0998571002339785
machine,11,2,global,0.01,127362,0.9578995304721973
machine,11,2,global,0.005,127362,0.8526876148301691
machine,11,2,global,0.001,127362,0.7144988301063111
machine,11,2,stratified,0.05,127362,1.1980025439299007
machine,11,2,stratified,0.01,127362,1.3167192726244876
machine,11,2,stratified,0.005,127362,1.2311364457216438
machine,11,2,stratified,0.001,127362,1.1149322403856723
machine,11,3,global,0.05,104355,0.7844377365722773
machine,11,3,global,0.01,104355,0.4867998658425567
machine,11,3,global,0.005,104355,0.26831488668487374
machine,11,3,global,0.001,104355,0.0766613961956782
machine,11,3,stratified,0.05,104355,0.8973216424704135
machine,11,3,stratified,0.01,104355,0.7924871831728235
machine,11,3,stratified,0.005,104355,0.7225336591442671
machine,11,3,stratified,0.001,104355,0.6228738440898854
machine,11,4,global,0.05,102951,0.7533681071577741
machine,11,4,global,0.01,102951,0.4021330535886004
machine,11,4,global,0.005,102951,0.24477664131480023
machine,11,4,global,0.001,102951,0.09713358782333344
machine,11,4,stratified,0.05,102951,0.8062087789336675
machine,11,4,stratified,0.01,102951,0.6731357636157007
machine,11,4,stratified,0.005,102951,0.6838204582762674
machine,11,4,stratified,0.001,102951,0.6896484735456674
machine,11,5,global,0.05,126768,0.9507131137195507
machine,11,5,global,0.01,126768,0.8006752492742647
machine,11,5,global,0.005,126768,0.7462451091758172
machine,11,5,global,0.001,126768,0.6389625141991669
machine,11,5,stratified,0.05,126768,0.8792439732424586
machine,11,5,stratified,0.01,126768,0.6642054777230847
machine,11,5,stratified,0.005,126768,0.5001262148176195
machine,11,5,stratified,0.001,126768,0.3786444528587656
machine,11,6,global,0.05,148323,1.065512428955725
machine,11,6,global,0.01,148323,1.0726589942220695
machine,11,6,global,0.005,148323,1.123224314502808
machine,11,6,global,0.001,148323,1.328182412707402
machine,11,6,stratified,0.05,148323,0.6299764702709627
machine,11,6,stratified,0.01,148323,0.2251842263168895
machine,11,6,stratified,0.005,148323,0.2939530618986941
machine,11,6,stratified,0.001,148323,0.35058622061312134
machine,12,0,global,0.05,149597,1.1056371451299156
machine,12,0,global,0.01,149597,1.1791680314444808
machine,12,0,global,0.005,149597,1.3342513553079274
machine,12,0,global,0.001,149597,2.058864816807824
machine,12,0,stratified,0.05,149597,1.028897638321624
machine,12,0,stratified,0.01,149597,1.081572491426967
machine,12,0,stratified,0.005,149597,1.1885265078845164
machine,12,0,stratified,0.001,149597,1.5240947345200773
machine,12,1,global,0.05,147792,1.2173865973801017
machine,12,1,global,0.01,147792,1.2673216412255062
machine,12,1,global,0.005,147792,1.358666233625636
machine,12,1,global,0.001,147792,2.029879831113998
machine,12,1,stratified,0.05,147792,1.3713868139006171
machine,12,1,stratified,0.01,147792,1.389114431092346
machine,12,1,stratified,0.005,147792,1.407383349572372
machine,12,1,stratified,0.001,147792,1.4750460106095054
machine,12,2,global,0.05,126077,1.0739468737358915
machine,12,2,global,0.01,126077,0.8843801803659668
machine,12,2,global,0.005,126077,0.755094109155516
machine,12,2,global,0.001,126077,0.7376444553725103
machine,12,2,stratified,0.05,126077,1.173727166731442
machine,12,2,stratified,0.01,126077,1.2119577718378451
machine,12,2,stratified,0.005,126077,1.1183641742744512
machine,12,2,stratified,0.001,126077,1.0073209229280518
machine,12,3,global,0.05,104357,0.7974548904242169
machine,12,3,global,0.01,104357,0.4733750491102657
machine,12,3,global,0.005,104357,0.25106126086414904
machine,12,3,global,0.001,104357,0.12457238134480676
machine,12,3,stratified,0.05,104357,0.9015207413014938
machine,12,3,stratified,0.01,104357,0.8030127351303697
machine,12,3,stratified,0.005,104357,0.753183782592447
machine,12,3,stratified,0.001,104357,0.6420268884693887
machine,12,4,global,0.05,104945,0.7880318261946734
machine,12,4,global,0.01,104945,0.4183143551384058
machine,12,4,global,0.005,104945,0.2629949020915718
machine,12,4,global,0.001,104945,0.09528800800419267
machine,12,4,stratified,0.05,104945,0.8678831769021869
machine,12,4,stratified,0.01,104945,0.7308590213921577
machine,12,4,stratified,0.005,104945,0.7070370193911096
machine,12,4,stratified,0.001,104945,0.7813616656343799
machine,12,5,global,0.05,125961,0.9783980755948269
machine,12,5,global,0.01,125961,0.7835758687212708
machine,12,5,global,0.005,125961,0.6478195631981327
machine,12,5,global,0.001,125961,0.6589341145275125
machine,12,5,stratified,0.05,125961,0.8869411960845023
machine,12,5,stratified,0.01,125961,0.6335294257746446
machine,12,5,stratified,0.005,125961,0.4287041227046467
machine,12,5,stratified,0.001,125961,0.3254975746461206
machine,12,6,global,0.05,148534,1.0425895754507386
machine,12,6,global,0.01,148534,0.9492776064739387
machine,12,6,global,0.005,148534,0.9075363216502619
machine,12,6,global,0.001,148534,1.0906593776509081
machine,12,6,stratified,0.05,148534,0.8136857554499306
machine,12,6,stratified,0.01,148534,0.4046211641778987
machine,12,6,stratified,0.005,148534,0.39182948011903
machine,12,6,stratified,0.001,148534,0.5655270847078783
machine,13,0,global,0.05,149734,1.1150440113801807
machine,13,0,global,0.01,149734,1.107296939906768
machine,13,0,global,0.005,149734,1.179424846728198
machine,13,0,global,0.001,149734,1.6696274727182872
machine,13,0,stratified,0.05,149734,1.0320969185355362
machine,13,0,stratified,0.01,149734,1.0124620994563693
machine,13,0,stratified,0.005,149734,1.0445189469325602
machine,13,0,stratified,0.001,149734,0.854849266031763
machine,13,1,global,0.05,147416,1.149807347913388
machine,13,1,global,0.01,147416,1.1321701850545394
machine,13,1,global,0.005,147416,1.1694795680251804
machine,13,1,global,0.001,147416,1.9604384870027676
machine,13,1,stratified,0.05,147416,1.2584794052206
machine,13,1,stratified,0.01,147416,1.105036088348619
machine,13,1,stratified,0.005,147416,1.031095674824985
machine,13,1,stratified,0.001,147416,1.0514462473544255
machine,13,2,global,0.05,124109,1.0511727594292113
machine,13,2,global,0.01,124109,0.9717264662514402
machine,13,2,global,0.005,124109,0.8218582052872878
machine,13,2,global,0.001,124109,0.7815710383614403
machine,13,2,stratified,0.05,124109,1.0975835757277876
machine,13,2,stratified,0.01,124109,1.2690457581641943
machine,13,2,stratified,0.005,124109,1.1586589207873725
machine,13,2,stratified,0.001,124109,0.8943751057538131
machine,13,3,global,0.05,103290,0.7565107948494529
machine,13,3,global,0.01,103290,0.3843547294026527
machine,13,3,global,0.005,103290,0.21880143285894085
machine,13,3,global,0.001,103290,0.22267402459095748
machine,13,3,stratified,0.05,103290,0.8682350663181334
machine,13,3,stratified,0.01,103290,0.7338561332171555
machine,13,3,stratified,0.005,103290,0.5983154225965728
machine,13,3,stratified,0.001,103290,0.5034369251621648
machine,13,4,global,0.05,102978,0.733554739847346
machine,13,4,global,0.01,102978,0.3728951814950766
machine,13,4,global,0.005,102978,0.22140651401270176
machine,13,4,global,0.001,102978,0.18450542834391812
machine,13,4,stratified,0.05,102978,0.8102701547903436
machine,13,4,stratified,0.01,102978,0.6642195420381052
machine,13,4,stratified,0.005,102978,0.6642195420381052
machine,13,4,stratified,0.001,102978,0.5535162850317543
machine,13,5,global,0.05,124060,0.9221344510720619
machine,13,5,global,0.01,124060,0.7061099467999354
machine,13,5,global,0.005,124060,0.6045461873287119
machine,13,5,global,0.001,124060,0.6206674189908109
machine,13,5,stratified,0.05,124060,0.696275995486055
machine,13,5,stratified,0.01,124060,0.23859422859906498
machine,13,5,stratified,0.005,124060,0.21763662743833626
machine,13,5,stratified,0.001,124060,0.27406093825568273
machine,13,6,global,0.05,148094,1.0074682296379327
machine,13,6,global,0.01,148094,0.8906505327697274
machine,13,6,global,0.005,148094,0.8764703499128931
machine,13,6,global,0.001,148094,1.2154442448715004
machine,13,6,stratified,0.05,148094,0.8651262036274258
machine,13,6,stratified,0.01,148094,0.5780112631166692
machine,13,6,stratified,0.005,148094,0.5064351020297918
machine,13,6,stratified,0.001,148094,0.5807122503274946
machine,14,0,global,0.05,149625,1.0988805346700083
machine,14,0,global,0.01,149625,1.1141186299081034
machine,14,0,global,0.005,149625,1.177610693400167
machine,14,0,global,0.001,149625,1.390142021720969
machine,14,0,stratified,0.05,149625,0.9935505430242272
machine,14,0,stratified,0.01,149625,0.9456975772765247
machine,14,0,stratified,0.005,149625,0.9169590643274853
machine,14,0,stratified,0.001,149625,0.8220551378446115
machine,14,1,global,0.05,147240,1.2147514262428687
machine,14,1,global,0.01,147240,1.2061939690301549
machine,14,1,global,0.005,147240,1.2605270306981797
machine,14,1,global,0.001,147240,1.915240423797881
machine,14,1,stratified,0.05,147240,1.3004618310241782
machine,14,1,stratified,0.01,147240,1.107036131486009
machine,14,1,stratified,0.005,147240,1.0893778864439012
machine,14,1,stratified,0.001,147240,1.4941591958706875
machine,14,2,global,0.05,126062,1.0285415113198266
machine,14,2,global,0.01,126062,0.9788834065777158
machine,14,2,global,0.005,126062,0.8297504402595548
machine,14,2,global,0.001,126062,0.8487886912788946
machine,14,2,stratified,0.05,126062,1.0926369564182703
machine,14,2,stratified,0.01,126062,1.2779425996731766
machine,14,2,stratified,0.005,126062,1.202582856054957
machine,14,2,stratified,0.001,126062,1.2533515254398628
machine,14,3,global,0.05,102770,0.8039311083000875
machine,14,3,global,0.01,102770,0.41841004184100417
machine,14,3,global,0.005,102770,0.23742337257954657
machine,14,3,global,0.001,102770,0.12649605916123383
machine,14,3,stratified,0.05,102770,0.9333463072881191
machine,14,3,stratified,0.01,102770,0.7239466770458305
machine,14,3,stratified,0.005,102770,0.7356232363530213
machine,14,3,stratified,0.001,102770,0.6811326262527976
machine,14,4,global,0.05,103460,0.7212449255751014
machine,14,4,global,0.01,103460,0.3324956504929441
machine,14,4,global,0.005,103460,0.18171273922288805
machine,14,4,global,0.001,103460,0.09665571235260004
machine,14,4,stratified,0.05,103460,0.8277595205876667
machine,14,4,stratified,0.01,103460,0.6253624589213223
machine,14,4,stratified,0.005,103460,0.5741349313744443
machine,14,4,stratified,0.001,103460,0.5799342741156003
machine,14,5,global,0.05,124647,0.9636814363763266
machine,14,5,global,0.01,124647,0.7773953645093745
machine,14,5,global,0.005,124647,0.6658804463805787
machine,14,5,global,0.001,124647,0.6257671664781342
machine,14,5,stratified,0.05,124647,0.591911558240471
machine,14,5,stratified,0.01,124647,0.12435116769757795
machine,14,5,stratified,0.005,124647,0.160453119609778
machine,14,5,stratified,0.001,124647,0.1042945277463557
machine,14,6,global,0.05,146610,1.027760725734943
machine,14,6,global,0.01,146610,0.8594229588704727
machine,14,6,global,0.005,146610,0.7925789509583248
machine,14,6,global,0.001,146610,0.8116772389332242
machine,14,6,stratified,0.05,146610,0.937862355910238
machine,14,6,stratified,0.01,146610,0.7250528613327876
machine,14,6,stratified,0.005,146610,0.5975035809289952
machine,14,6,stratified,0.001,146610,0.47063638223859217
machine,15,0,global,0.05,148653,1.104451306061768
machine,15,0,global,0.01,148653,1.1240943674194264
machine,15,0,global,0.005,148653,1.2270186272729107
machine,15,0,global,0.001,148653,1.6346794212023976
machine,15,0,stratified,0.05,148653,1.074852172509132
machine,15,0,stratified,0.01,148653,1.091131695963082
machine,15,0,stratified,0.005,148653,1.1476391327453868
machine,15,0,stratified,0.001,148653,1.1368758114535193
machine,15,1,global,0.05,146224,1.221824050771419
machine,15,1,global,0.01,146224,1.2282525440420176
machine,15,1,global,0.005,146224,1.307582886530255
machine,15,1,global,0.001,146224,1.8328044643834116
machine,15,1,stratified,0.05,146224,1.1284057336688915
machine,15,1,stratified,0.01,146224,0.808348834664624
machine,15,1,stratified,0.005,146224,0.7837290732027574
machine,15,1,stratified,0.001,146224,1.0873727978991137
machine,15,2,global,0.05,122498,1.0228738428382504
machine,15,2,global,0.01,122498,0.9330764583911574
machine,15,2,global,0.005,122498,0.8081764600238371
machine,15,2,global,0.001,122498,0.7347058727489428
machine,15,2,stratified,0.05,122498,1.0439354111903867
machine,15,2,stratified,0.01,122498,1.0751195937892863
machine,15,2,stratified,0.005,122498,0.9910365883524629
machine,15,2,stratified,0.001,122498,0.9469542359875264
machine,15,3,global,0.05,102390,0.8084773903701533
machine,15,3,global,0.01,102390,0.4336360972751245
machine,15,3,global,0.005,102390,0.21681804863756224
machine,15,3,global,0.001,102390,0.07813263013966208
machine,15,3,stratified,0.05,102390,0.9420841879089754
machine,15,3,stratified,0.01,102390,0.7637464596151968
machine,15,3,stratified,0.005,102390,0.6914737767360094
machine,15,3,stratified,0.001,102390,0.44926262330305694
machine,15,4,global,0.05,104196,0.7280509808437943
machine,15,4,global,0.01,104196,0.3282275711159737
machine,15,4,global,0.005,104196,0.2034627049022995
machine,15,4,global,0.001,104196,0.06718108180736304
machine,15,4,stratified,0.05,104196,0.7783408192253062
machine,15,4,stratified,0.01,104196,0.5528043303005874
machine,15,4,stratified,0.005,104196,0.4683481131713309
machine,15,4,stratified,0.001,104196,0.4990594648546969
machine,15,5,global,0.05,123565,0.9740622344515032
machine,15,5,global,0.01,123565,0.7987698782017562
machine,15,5,global,0.005,123565,0.6118237364949622
machine,15,5,global,0.001,123565,0.5017602071784081
machine,15,5,stratified,0.05,123565,0.7048921620199895
machine,15,5,stratified,0.01,123565,0.16509529397483105
machine,15,5,stratified,0.005,123565,0.16833245660178853
machine,15,5,stratified,0.001,123565,0.17804394448266095
machine,15,6,global,0.05,146070,1.070856438693777
machine,15,6,global,0.01,146070,0.8653385363182036
machine,15,6,global,0.005,146070,0.7845553501745739
machine,15,6,global,0.001,146070,0.8009858287122613
machine,15,6,stratified,0.05,146070,0.8315191346614637
machine,15,6,stratified,0.01,146070,0.3895392619976723
machine,15,6,stratified,0.005,146070,0.279318135140686
machine,15,6,stratified,0.001,146070,0.17799685082494693
machine,16,0,global,0.05,144323,1.1790220546967565
machine,16,0,global,0.01,144323,1.207014820922514
machine,16,0,global,0.005,144323,1.2208726259847702
machine,16,0,global,0.001,144323,1.843088073280073
machine,16,0,stratified,0.05,144323,1.2510826410204885
machine,16,0,stratified,0.01,144323,1.1529693811797148
machine,16,0,stratified,0.005,144323,1.1224822100427514
machine,16,0,stratified,0.001,144323,1.032406477138086
machine,16,1,global,0.05,140390,1.1600541349098938
machine,16,1,global,0.01,140390,1.1923926205570197
machine,16,1,global,0.005,140390,1.2151862668281217
machine,16,1,global,0.001,140390,1.7878766293895576
machine,16,1,stratified,0.05,140390,1.224161265047368
machine,16,1,stratified,0.01,140390,1.0463708241327732
machine,16,1,stratified,0.005,140390,1.0057696417123727
machine,16,1,stratified,0.001,140390,1.1681743713939738
machine,16,2,global,0.05,115340,0.949367088607595
machine,16,2,global,0.01,115340,0.7421536327379921
machine,16,2,global,0.005,115340,0.6485174267383389
machine,16,2,global,0.001,115340,0.7803017166637767
machine,16,2,stratified,0.05,115340,1.0367608808739377
machine,16,2,stratified,0.01,115340,1.0499393098664818
machine,16,2,stratified,0.005,115340,1.0317322698109936
machine,16,2,stratified,0.001,115340,1.0317322698109936
machine,16,3,global,0.05,101732,0.7960130539063421
machine,16,3,global,0.01,101732,0.3872921008139032
machine,16,3,global,0.005,101732,0.2457437187905477
machine,16,3,global,0.001,101732,0.19659497503243817
machine,16,3,stratified,0.05,101732,0.9407069555302167
machine,16,3,stratified,0.01,101732,0.7470609051232651
machine,16,3,stratified,0.005,101732,0.6251720206031534
machine,16,3,stratified,0.001,101732,0.6880824126135336
machine,16,4,global,0.05,103982,0.7668634956050085
machine,16,4,global,0.01,103982,0.3875670789175049
machine,16,4,global,0.005,103982,0.23657940797445712
machine,16,4,global,0.001,103982,0.21157508030236002
machine,16,4,stratified,0.05,103982,0.7970610297936181
machine,16,4,stratified,0.01,103982,0.6145294377873093
machine,16,4,stratified,0.005,103982,0.5981804543093997
machine,16,4,stratified,0.001,103982,0.43276720970937277
machine,16,5,global,0.05,122332,0.9691658764673184
machine,16,5,global,0.01,122332,0.7970114115685184
machine,16,5,global,0.005,122332,0.6277997580355099
machine,16,5,global,0.001,122332,0.555864369093941
machine,16,5,stratified,0.05,122332,0.8362488964457377
machine,16,5,stratified,0.01,122332,0.5305234934440702
machine,16,5,stratified,0.005,122332,0.3040905077984501
machine,16,5,stratified,0.001,122332,0.3024556125952326
machine,16,6,global,0.05,141277,1.0536746958103582
machine,16,6,global,0.01,141277,0.9145154554527629
machine,16,6,global,0.005,141277,0.9173467726523071
machine,16,6,global,0.001,141277,1.2811710327937316
machine,16,6,stratified,0.05,141277,0.6873022501893442
machine,16,6,stratified,0.01,141277,0.2470324256602278
machine,16,6,stratified,0.005,141277,0.32135450214826194
machine,16,6,stratified,0.001,141277,0.36099294294188017
machine,17,0,global,0.05,133943,1.1613895462995454
machine,17,0,global,0.01,133943,1.2296275281276363
machine,17,0,global,0.005,133943,1.0720978326601613
machine,17,0,global,0.001,133943,1.1646745257310946
machine,17,0,stratified,0.05,133943,1.3186206072732432
machine,17,0,stratified,0.01,133943,1.285621495710862
machine,17,0,stratified,0.005,133943,1.2169355621421052
machine,17,0,stratified,0.001,133943,1.3363893596529868
machine,17,1,global,0.05,126739,1.2191985103243674
machine,17,1,global,0.01,126739,1.4636378699532109
machine,17,1,global,0.005,126739,1.2829515776517093
machine,17,1,global,0.001,126739,1.1756444346254902
machine,17,1,stratified,0.05,126739,1.341181483205643
machine,17,1,stratified,0.01,126739,1.5575316201011526
machine,17,1,stratified,0.005,126739,1.4202415988764312
machine,17,1,stratified,0.001,126739,0.8600351904307277
machine,17,2,global,0.05,108180,0.9554446293215011
machine,17,2,global,0.01,108180,0.661859863190978
machine,17,2,global,0.005,108180,0.47328526529857645
machine,17,2,global,0.001,108180,0.2958032908116103
machine,17,2,stratified,0.05,108180,1.0458495100757996
machine,17,2,stratified,0.01,108180,1.0482529118136439
machine,17,2,stratified,0.005,108180,1.0260676650027731
machine,17,2,stratified,0.001,108180,0.6840451100018488
machine,17,3,global,0.05,101430,0.7630878438331854
machine,17,3,global,0.01,101430,0.4209799861973775
machine,17,3,global,0.005,101430,0.2090111406881593
machine,17,3,global,0.001,101430,0.04929508035098097
machine,17,3,stratified,0.05,101430,0.8804101350685202
machine,17,3,stratified,0.01,101430,0.7344966972296165
machine,17,3,stratified,0.005,101430,0.6842157152716158
machine,17,3,stratified,0.001,101430,0.5126688356502022
machine,17,4,global,0.05,104000,0.8486538461538462
machine,17,4,global,0.01,104000,0.49807692307692303
machine,17,4,global,0.005,104000,0.2673076923076923
machine,17,4,global,0.001,104000,0.05769230769230769
machine,17,4,stratified,0.05,104000,0.878653846153846
machine,17,4,stratified,0.01,104000,0.7403846153846154
machine,17,4,stratified,0.005,104000,0.6961538461538461
machine,17,4,stratified,0.001,104000,0.5576923076923076
machine,17,5,global,0.05,115649,1.0189452567683248
machine,17,5,global,0.01,115649,0.7712993627268718
machine,17,5,global,0.005,115649,0.5758804658924851
machine,17,5,global,0.001,115649,0.4669301074803932
machine,17,5,stratified,0.05,115649,0.9245216128111786
machine,17,5,stratified,0.01,115649,0.6519727797041046
machine,17,5,stratified,0.005,115649,0.55685738743958
machine,17,5,stratified,0.001,115649,0.42369583826924573
machine,17,6,global,0.05,131314,1.069802153616522
machine,17,6,global,0.01,131314,0.9656243812540932
machine,17,6,global,0.005,131314,0.8148407633611038
machine,17,6,global,0.001,131314,0.6929954155687893
machine,17,6,stratified,0.05,131314,0.8832264648095404
machine,17,6,stratified,0.01,131314,0.5856192028268121
machine,17,6,stratified,0.005,131314,0.3792436450035792
machine,17,6,stratified,0.001,131314,0.5330733965913764
machine,18,0,global,0.05,126439,1.155972445210734
machine,18,0,global,0.01,126439,1.0218366168666313
machine,18,0,global,0.005,126439,0.7861498430073
machine,18,0,global,0.001,126439,0.5536266500051409
machine,18,0,stratified,0.05,126439,1.325856737240883
machine,18,0,stratified,0.01,126439,1.2962772562263227
machine,18,0,stratified,0.005,126439,1.2954863610120295
machine,18,0,stratified,0.001,126439,1.423611385727505
machine,18,1,global,0.05,119106,1.209846691182644
machine,18,1,global,0.01,119106,1.3450204019948617
machine,18,1,global,0.005,119106,1.0629187446476247
machine,18,1,global,0.001,119106,0.5961076687992208
machine,18,1,stratified,0.05,119106,1.368193038134099
machine,18,1,stratified,0.01,119106,1.7026850032743943
machine,18,1,stratified,0.005,119106,1.6321595889375848
machine,18,1,stratified,0.001,119106,0.940338857824123
machine,18,2,global,0.05,105631,0.9345741307002678
machine,18,2,global,0.01,105631,0.6219765031098825
machine,18,2,global,0.005,105631,0.45819882420880237
machine,18,2,global,0.001,105631,0.2556067820999517
machine,18,2,stratified,0.05,105631,1.0167469776864746
machine,18,2,stratified,0.01,105631,1.0063333680453654
machine,18,2,stratified,0.005,105631,0.990239607690924
machine,18,2,stratified,0.001,105631,1.1170963069553446
machine,18,3,global,0.05,101176,0.712619593579505
machine,18,3,global,0.01,101176,0.35482723175456626
machine,18,3,global,0.005,101176,0.1798845576025935
machine,18,3,global,0.001,101176,0.049418834506207
machine,18,3,stratified,0.05,101176,0.809085158535621
machine,18,3,stratified,0.01,101176,0.6315727049893255
machine,18,3,stratified,0.005,101176,0.6187238080177117
machine,18,3,stratified,0.001,101176,0.5238396457657942
machine,18,4,global,0.05,103683,0.9035232391038068
machine,18,4,global,0.01,103683,0.5661487418381026
machine,18,4,global,0.005,103683,0.2932013927066154
machine,18,4,global,0.001,103683,0.05786869592893724
machine,18,4,stratified,0.05,103683,0.9291783609656357
machine,18,4,stratified,0.01,103683,0.7860497863680642
machine,18,4,stratified,0.005,103683,0.7195007860497864
machine,18,4,stratified,0.001,103683,0.41472565415738355
machine,18,5,global,0.05,112108,0.9733471295536447
machine,18,5,global,0.01,112108,0.6440218360866308
machine,18,5,global,0.005,112108,0.4013986513005316
machine,18,5,global,0.001,112108,0.18731937060691475
machine,18,5,stratified,0.05,112108,0.8925322010918043
machine,18,5,stratified,0.01,112108,0.7011096442715952
machine,18,5,stratified,0.005,112108,0.6511578121097512
machine,18,5,stratified,0.001,112108,0.570878081849645
machine,18,6,global,0.05,125438,1.0787799550375483
machine,18,6,global,0.01,125438,0.8785216601029991
machine,18,6,global,0.005,125438,0.6297932046110428
machine,18,6,global,0.001,125438,0.271050239959183
machine,18,6,stratified,0.05,125438,0.9312967362362282
machine,18,6,stratified,0.01,125438,0.7916261419984374
machine,18,6,stratified,0.005,125438,0.6935697316602625
machine,18,6,stratified,0.001,125438,0.4065753599387745
machine,19,0,global,0.05,124430,1.1032709153741058
machine,19,0,global,0.01,124430,0.9860966004982721
machine,19,0,global,0.005,124430,0.6879369926866511
machine,19,0,global,0.001,124430,0.3295025315438399
machine,19,0,stratified,0.05,124430,1.2564494093064373
machine,19,0,stratified,0.01,124430,1.4345415092823273
machine,19,0,stratified,0.005,124430,1.414449891505264
machine,19,0,stratified,0.001,124430,1.060837418628948
machine,19,1,global,0.05,116879,1.1665055313614934
machine,19,1,global,0.01,116879,1.0113022869805526
machine,19,1,global,0.005,116879,0.6605121535947432
machine,19,1,global,0.001,116879,0.2737874211791682
machine,19,1,stratified,0.05,116879,1.3824553598165623
machine,19,1,stratified,0.01,116879,1.3715038629693956
machine,19,1,stratified,0.005,116879,1.3227354785718564
machine,19,1,stratified,0.001,116879,0.9325884033915417
machine,19,2,global,0.05,105267,0.8678883220762442
machine,19,2,global,0.01,105267,0.49683186563690424
machine,19,2,global,0.005,105267,0.3058888350575204
machine,19,2,global,0.001,105267,0.12349549241452687
machine,19,2,stratified,0.05,105267,0.8437592027890981
machine,19,2,stratified,0.01,105267,0.608927774136244
machine,19,2,stratified,0.005,105267,0.5813787796745419
machine,19,2,stratified,0.001,105267,0.4464837033448279
machine,19,3,global,0.05,101144,0.7262912283477022
machine,19,3,global,0.01,101144,0.33121094676896307
machine,19,3,global,0.005,101144,0.16214506050779087
machine,19,3,global,0.001,101144,0.019773787866803765
machine,19,3,stratified,0.05,101144,0.8382108676738116
machine,19,3,stratified,0.01,101144,0.7266867041050383
machine,19,3,stratified,0.005,101144,0.6031005299375148
machine,19,3,stratified,0.001,101144,0.38558886340267345
machine,19,4,global,0.05,103437,0.8898169900519156
machine,19,4,global,0.01,103437,0.5558939257712424
machine,19,4,global,0.005,103437,0.32676895114900856
machine,19,4,global,0.001,103437,0.08700948403375967
machine,19,4,stratified,0.05,103437,0.9226872395757804
machine,19,4,stratified,0.01,103437,0.8372245908137321
machine,19,4,stratified,0.005,103437,0.7502151067799724
machine,19,4,stratified,0.001,103437,0.8120885176484236
machine,19,5,global,0.05,110349,0.9475391711750899
machine,19,5,global,0.01,110349,0.5990085999873129
machine,19,5,global,0.005,110349,0.38604790256368426
machine,19,5,global,0.001,110349,0.12687020272045962
machine,19,5,stratified,0.05,110349,0.9169090793754361
machine,19,5,stratified,0.01,110349,0.7748144523285213
machine,19,5,stratified,0.005,110349,0.7340347443112307
machine,19,5,stratified,0.001,110349,0.6615374856138252
machine,19,6,global,0.05,122976,1.0792349726775956
machine,19,6,global,0.01,122976,0.7928376268540203
machine,19,6,global,0.005,122976,0.5415690866510539
machine,19,6,global,0.001,122976,0.11384335154826958
machine,19,6,stratified,0.05,122976,0.9188784803538902
machine,19,6,stratified,0.01,122976,0.7538056206088992
machine,19,6,stratified,0.005,122976,0.718839448347645
machine,19,6,stratified,0.001,122976,0.3577933905802758
machine,20,0,global,0.05,123066,1.108348365917475
machine,20,0,global,0.01,123066,0.8873287504266003
machine,20,0,global,0.005,123066,0.6305559618416134
machine,20,0,global,0.001,123066,0.25189735589033524
machine,20,0,stratified,0.05,123066,1.1736791640258073
machine,20,0,stratified,0.01,123066,1.37405944777599
machine,20,0,stratified,0.005,123066,1.3131165390928443
machine,20,0,stratified,0.001,123066,1.170103846716396
machine,20,1,global,0.05,116084,1.1371076117294372
machine,20,1,global,0.01,116084,0.8407704765514628
machine,20,1,global,0.005,116084,0.4961924123910272
machine,20,1,global,0.001,116084,0.18951793528823954
machine,20,1,stratified,0.05,116084,1.3588435960166774
machine,20,1,stratified,0.01,116084,1.413631508218187
machine,20,1,stratified,0.005,116084,1.219806347127942
machine,20,1,stratified,0.001,116084,0.8183729023810344
machine,20,2,global,0.05,102023,0.9235172461111709
machine,20,2,global,0.01,102023,0.4518588945629907
machine,20,2,global,0.005,102023,0.2548444958489752
machine,20,2,global,0.001,102023,0.11762053654568087
machine,20,2,stratified,0.05,102023,0.8896033247404996
machine,20,2,stratified,0.01,102023,0.5763406290738362
machine,20,2,stratified,0.005,102023,0.4704821461827235
machine,20,2,stratified,0.001,102023,0.3430598982582359
machine,20,3,global,0.05,101297,0.7251942308261844
machine,20,3,global,0.01,101297,0.3159027414434781
machine,20,3,global,0.005,101297,0.16190015498978252
machine,20,3,global,0.001,101297,0.01974392134021738
machine,20,3,stratified,0.05,101297,0.8065391867478799
machine,20,3,stratified,0.01,101297,0.6002152087426084
machine,20,3,stratified,0.005,101297,0.5074187784435866
machine,20,3,stratified,0.001,101297,0.4837260728353258
machine,20,4,global,0.05,103194,0.8725313487218248
machine,20,4,global,0.01,103194,0.5271624319243366
machine,20,4,global,0.005,103194,0.27520979901932285
machine,20,4,global,0.001,103194,0.05814291528577242
machine,20,4,stratified,0.05,103194,0.8926875593542261
machine,20,4,stratified,0.01,103194,0.7703936275364847
machine,20,4,stratified,0.005,103194,0.7422912184816947
machine,20,4,stratified,0.001,103194,0.45545283640521733
machine,20,5,global,0.05,112297,0.9159639171126566
machine,20,5,global,0.01,112297,0.49778711808863996
machine,20,5,global,0.005,112297,0.2974255768186149
machine,20,5,global,0.001,112297,0.10685948867734668
machine,20,5,stratified,0.05,112297,0.8386688869693759
machine,20,5,stratified,0.01,112297,0.6447189150199917
machine,20,5,stratified,0.005,112297,0.5734792559017605
machine,20,5,stratified,0.001,112297,0.7034916337925323
machine,20,6,global,0.05,122769,1.0882225969096433
machine,20,6,global,0.01,122769,0.8454903110720132
machine,20,6,global,0.005,122769,0.5164170108089176
machine,20,6,global,0.001,122769,0.0977445446326027
machine,20,6,stratified,0.05,122769,0.9357411072827831
machine,20,6,stratified,0.01,122769,0.8560793034072118
machine,20,6,stratified,0.005,122769,0.785214508548575
machine,20,6,stratified,0.001,122769,0.5457403741986984
machine,21,0,global,0.05,122783,1.0964058542306345
machine,21,0,global,0.01,122783,0.8502805763012795
machine,21,0,global,0.005,122783,0.5277603577042425
machine,21,0,global,0.001,122783,0.17917789922057611
machine,21,0,stratified,0.05,122783,1.13794254904995
machine,21,0,stratified,0.01,122783,1.220853049689289
machine,21,0,stratified,0.005,122783,1.149996334997516
machine,21,0,stratified,0.001,122783,1.0262006955360268
machine,21,1,global,0.05,115452,1.13726916813914
machine,21,1,global,0.01,115452,0.828049752278003
machine,21,1,global,0.005,115452,0.488514707410872
machine,21,1,global,0.001,115452,0.20787859889824342
machine,21,1,stratified,0.05,115452,1.3683608772476874
machine,21,1,stratified,0.01,115452,1.4490870664865052
machine,21,1,stratified,0.005,115452,1.2749887399092263
machine,21,1,stratified,0.001,115452,0.9267920867546686
machine,21,2,global,0.05,102554,0.9583243949529028
machine,21,2,global,0.01,102554,0.5636055151432416
machine,21,2,global,0.005,102554,0.40368976344169893
machine,21,2,global,0.001,102554,0.34128361643621896
machine,21,2,stratified,0.05,102554,0.9550090683932367
machine,21,2,stratified,0.01,102554,0.7205959787039022
machine,21,2,stratified,0.005,102554,0.6552645435575404
machine,21,2,stratified,0.001,102554,0.8288316399165317
machine,21,3,global,0.05,101172,0.7274740046653224
machine,21,3,global,0.01,101172,0.37658640730636933
machine,21,3,global,0.005,101172,0.14233187047799786
machine,21,3,global,0.001,101172,0.009884157672083184
machine,21,3,stratified,0.05,101172,0.8595263511643537
machine,21,3,stratified,0.01,101172,0.7373581623374056
machine,21,3,stratified,0.005,101172,0.7096825208555727
machine,21,3,stratified,0.001,101172,0.3953663068833274
machine,21,4,global,0.05,103082,0.8383616926330493
machine,21,4,global,0.01,103082,0.47340951863564923
machine,21,4,global,0.005,103082,0.26386760055101766
machine,21,4,global,0.001,103082,0.05820608835684212
machine,21,4,stratified,0.05,103082,0.8771657515376108
machine,21,4,stratified,0.01,103082,0.6480277837061756
machine,21,4,stratified,0.005,103082,0.6131041306920704
machine,21,4,stratified,0.001,103082,0.6499679866514037
machine,21,5,global,0.05,111292,0.9432843331057039
machine,21,5,global,0.01,111292,0.494195449807713
machine,21,5,global,0.005,111292,0.3055026416993135
machine,21,5,global,0.001,111292,0.1078244617762283
machine,21,5,stratified,0.05,111292,0.8814649750206662
machine,21,5,stratified,0.01,111292,0.6703087373755525
machine,21,5,stratified,0.005,111292,0.6685116630126154
machine,21,5,stratified,0.001,111292,0.6649175142867412
machine,21,6,global,0.05,121865,1.1076190866942928
machine,21,6,global,0.01,121865,0.8739178599269685
machine,21,6,global,0.005,121865,0.5317359373076765
machine,21,6,global,0.001,121865,0.0984696180199401
machine,21,6,stratified,0.05,121865,0.9405489681204611
machine,21,6,stratified,0.01,121865,0.8197595700160013
machine,21,6,stratified,0.005,121865,0.7926804250605178
machine,21,6,stratified,0.001,121865,0.5251712961063472
machine,22,0,global,0.05,122480,1.115120836054866
machine,22,0,global,0.01,122480,0.8474853037230569
machine,22,0,global,0.005,122480,0.530698889614631
machine,22,0,global,0.001,122480,0.15512736773350752
machine,22,0,stratified,0.05,122480,1.094546048334422
machine,22,0,stratified,0.01,122480,1.0760940561724364
machine,22,0,stratified,0.005,122480,1.054866100587851
machine,22,0,stratified,0.001,122480,0.8327890267798824
machine,22,1,global,0.05,115030,1.147700599843519
machine,22,1,global,0.01,115030,0.8797704946535686
machine,22,1,global,0.005,115030,0.5007389376684344
machine,22,1,global,0.001,115030,0.13909414935234285
machine,22,1,stratified,0.05,115030,1.3053985916717377
machine,22,1,stratified,0.01,115030,1.3822481091889072
machine,22,1,stratified,0.005,115030,1.2153351299660957
machine,22,1,stratified,0.001,115030,0.7302442840998
machine,22,2,global,0.05,102717,1.004702240135518
machine,22,2,global,0.01,102717,0.7145847328095641
machine,22,2,global,0.005,102717,0.46730336750489204
machine,22,2,global,0.001,102717,0.3894194729207434
machine,22,2,stratified,0.05,102717,0.9827000399154959
machine,22,2,stratified,0.01,102717,0.9131886639991433
machine,22,2,stratified,0.005,102717,0.9346067350097841
machine,22,2,stratified,0.001,102717,1.0611680637090257
machine,22,3,global,0.05,101610,0.7142997736443263
machine,22,3,global,0.01,101610,0.3975986615490601
machine,22,3,global,0.005,101610,0.20273595118590687
machine,22,3,global,0.001,101610,0.029524653085326247
machine,22,3,stratified,0.05,101610,0.8217695108749138
machine,22,3,stratified,0.01,101610,0.7243381556933373
machine,22,3,stratified,0.005,101610,0.7499261883672866
machine,22,3,stratified,0.001,101610,0.6397008168487354
machine,22,4,global,0.05,103898,0.8173400835434753
machine,22,4,global,0.01,103898,0.40905503474561583
machine,22,4,global,0.005,103898,0.20982117076363357
machine,22,4,global,0.001,103898,0.03849929738782267
machine,22,4,stratified,0.05,103898,0.8587268282353846
machine,22,4,stratified,0.01,103898,0.6593004677664632
machine,22,4,stratified,0.005,103898,0.5640147067316021
machine,22,4,stratified,0.001,103898,0.40424262257213806
machine,22,5,global,0.05,111166,0.969361135599014
machine,22,5,global,0.01,111166,0.5271395930410377
machine,22,5,global,0.005,111166,0.2536746847057554
machine,22,5,global,0.001,111166,0.053973337171437305
machine,22,5,stratified,0.05,111166,0.9036935753737653
machine,22,5,stratified,0.01,111166,0.7268409405753558
machine,22,5,stratified,0.005,111166,0.6440818235791519
machine,22,5,stratified,0.001,111166,0.43178669737149844
machine,22,6,global,0.05,122177,1.1008618643443528
machine,22,6,global,0.01,122177,0.9412573561308594
machine,22,6,global,0.005,122177,0.6056786465537704
machine,22,6,global,0.001,122177,0.15551208492596807
machine,22,6,stratified,0.05,122177,0.9481326272539021
machine,22,6,stratified,0.01,122177,0.9453497794183848
machine,22,6,stratified,0.005,122177,0.8986961539405943
machine,22,6,stratified,0.001,122177,0.7284513451795347
machine,23,0,global,0.05,122896,1.0690339799505273
machine,23,0,global,0.01,122896,0.7795208957167036
machine,23,0,global,0.005,122896,0.5337846634552792
machine,23,0,global,0.001,122896,0.23597187866163258
machine,23,0,stratified,0.05,122896,1.0299765655513604
machine,23,0,stratified,0.01,122896,1.02281603957818
machine,23,0,stratified,0.005,122896,1.0740788959770862
machine,23,0,stratified,0.001,122896,1.0659419346439267
machine,23,1,global,0.05,114985,1.0933600034787145
machine,23,1,global,0.01,114985,0.8775057616210811
machine,23,1,global,0.005,114985,0.5687698395442884
machine,23,1,global,0.001,114985,0.20872287689698654
machine,23,1,stratified,0.05,114985,1.3041701091446711
machine,23,1,stratified,0.01,114985,1.4662782102013305
machine,23,1,stratified,0.005,114985,1.4106187763621343
machine,23,1,stratified,0.001,114985,0.8261947210505718
machine,23,2,global,0.05,104857,0.8653690263883193
machine,23,2,global,0.01,104857,0.546458510161458
machine,23,2,global,0.005,104857,0.31852904431749907
machine,23,2,global,0.001,104857,0.13351516827679602
machine,23,2,stratified,0.05,104857,0.8560229646089436
machine,23,2,stratified,0.01,104857,0.731472386202161
machine,23,2,stratified,0.005,104857,0.6599464031967346
machine,23,2,stratified,0.001,104857,0.5245238753731272
machine,23,3,global,0.05,102450,0.7816495851634944
machine,23,3,global,0.01,102450,0.4158125915080527
machine,23,3,global,0.005,102450,0.21278672523182038
machine,23,3,global,0.001,102450,0.03904343582235237
machine,23,3,stratified,0.05,102450,0.8938994631527575
machine,23,3,stratified,0.01,102450,0.7789165446559297
machine,23,3,stratified,0.005,102450,0.7691556857003417
machine,23,3,stratified,0.001,102450,0.4978038067349927
machine,23,4,global,0.05,104176,0.8370450007679311
machine,23,4,global,0.01,104176,0.4818768238365842
machine,23,4,global,0.005,104176,0.2361388419597604
machine,23,4,global,0.001,104176,0.07679311933650745
machine,23,4,stratified,0.05,104176,0.853363538626939
machine,23,4,stratified,0.01,104176,0.7468130855475349
machine,23,4,stratified,0.005,104176,0.5932268468745201
machine,23,4,stratified,0.001,104176,0.5279526954384888
machine,23,5,global,0.05,111349,0.9740545492101411
machine,23,5,global,0.01,111349,0.6062021212583858
machine,23,5,global,0.005,111349,0.34845396007148693
machine,23,5,global,0.001,111349,0.1077692660014908
machine,23,5,stratified,0.05,111349,0.9401072304196714
machine,23,5,stratified,0.01,111349,0.8864022128622618
machine,23,5,stratified,0.005,111349,0.8855041356455827
machine,23,5,stratified,0.001,111349,0.9519618496798354
machine,23,6,global,0.05,121671,1.1087276343582282
machine,23,6,global,0.01,121671,0.8925709495278251
machine,23,6,global,0.005,121671,0.6295666181752431
machine,23,6,global,0.001,121671,0.09862662425721824
machine,23,6,stratified,0.05,121671,0.9509250355466792
machine,23,6,stratified,0.01,121671,0.9040773890245004
machine,23,6,stratified,0.005,121671,0.8892833953859178
machine,23,6,stratified,0.001,121671,0.6657297137362231
